model,uf,hyperparameter,initial_guess
SIR-1S,AC,rho_report_a,4.0045494734256115
SIR-1S,AC,rho_report_b,1.3714804898624442
SIR-1S,AC,f_R_a,8.146237154570931
SIR-1S,AC,f_R_b,21.697451252053792
SIR-1S,AC,f_I_s,1.240313845230177
SIR-1S,AC,f_I_scale,4.755312382157739e-05
SIR-1S,AC,beta_mu,0.2869149742721107
SIR-1S,AC,beta_sigma,0.03997878326186507
SIR-1S,AC,delta_beta_temporal_0_mu,0.039178613911033576
SIR-1S,AC,delta_beta_temporal_1_mu,0.07226530976487151
SIR-1S,AC,delta_beta_temporal_2_mu,0.04526470181919877
SIR-1S,AC,delta_beta_temporal_3_mu,0.04793101675875109
SIR-1S,AC,delta_beta_temporal_4_mu,-0.033501069458718155
SIR-1S,AC,delta_beta_temporal_5_mu,-0.04601544931798897
SIR-1S,AC,delta_beta_temporal_6_mu,-0.06698309334776487
SIR-1S,AC,delta_beta_temporal_7_mu,-0.05357707957711708
SIR-1S,AC,delta_beta_temporal_8_mu,-0.0674747394550546
SIR-1S,AC,delta_beta_temporal_9_mu,-0.03365680845954752
SIR-1S,AC,delta_beta_temporal_10_mu,-0.007939328386908499
SIR-1S,AC,delta_beta_temporal_0_sigma,0.04398099449120508
SIR-1S,AC,delta_beta_temporal_1_sigma,0.05510960676576648
SIR-1S,AC,delta_beta_temporal_2_sigma,0.07937276405074258
SIR-1S,AC,delta_beta_temporal_3_sigma,0.05983929401853631
SIR-1S,AC,delta_beta_temporal_4_sigma,0.06258343982281515
SIR-1S,AC,delta_beta_temporal_5_sigma,0.05002049597668643
SIR-1S,AC,delta_beta_temporal_6_sigma,0.04445172391090742
SIR-1S,AC,delta_beta_temporal_7_sigma,0.06587111572778372
SIR-1S,AC,delta_beta_temporal_8_sigma,0.02166549549527691
SIR-1S,AC,delta_beta_temporal_9_sigma,0.02379845647347082
SIR-1S,AC,delta_beta_temporal_10_sigma,0.04781585375049465
SIR-1S,AL,rho_report_a,136.38168374982564
SIR-1S,AL,rho_report_b,23.767970028694446
SIR-1S,AL,f_R_a,3.790088121317831
SIR-1S,AL,f_R_b,10.048385643732473
SIR-1S,AL,f_I_s,1.0072293983226062
SIR-1S,AL,f_I_scale,4.02118890245669e-05
SIR-1S,AL,beta_mu,0.2882639818489786
SIR-1S,AL,beta_sigma,0.05565709458863794
SIR-1S,AL,delta_beta_temporal_0_mu,-0.04366733929782651
SIR-1S,AL,delta_beta_temporal_1_mu,-0.045470853369506535
SIR-1S,AL,delta_beta_temporal_2_mu,-0.05459959571597196
SIR-1S,AL,delta_beta_temporal_3_mu,0.002086076322531415
SIR-1S,AL,delta_beta_temporal_4_mu,0.03224010652280098
SIR-1S,AL,delta_beta_temporal_5_mu,0.06175425382674241
SIR-1S,AL,delta_beta_temporal_6_mu,0.05539066423977551
SIR-1S,AL,delta_beta_temporal_7_mu,0.039176514665188795
SIR-1S,AL,delta_beta_temporal_8_mu,0.0019834380883420404
SIR-1S,AL,delta_beta_temporal_9_mu,-0.020825427921725755
SIR-1S,AL,delta_beta_temporal_10_mu,-0.053611277914126454
SIR-1S,AL,delta_beta_temporal_0_sigma,0.05465123973346447
SIR-1S,AL,delta_beta_temporal_1_sigma,0.04801776484174869
SIR-1S,AL,delta_beta_temporal_2_sigma,0.05284351844072324
SIR-1S,AL,delta_beta_temporal_3_sigma,0.06406787107828554
SIR-1S,AL,delta_beta_temporal_4_sigma,0.049696925280369
SIR-1S,AL,delta_beta_temporal_5_sigma,0.046853516907475815
SIR-1S,AL,delta_beta_temporal_6_sigma,0.06438301791437168
SIR-1S,AL,delta_beta_temporal_7_sigma,0.07032331374461125
SIR-1S,AL,delta_beta_temporal_8_sigma,0.04267721913706619
SIR-1S,AL,delta_beta_temporal_9_sigma,0.0445488055074756
SIR-1S,AL,delta_beta_temporal_10_sigma,0.03576559137311075
SIR-1S,AM,rho_report_a,2.9224309366810077
SIR-1S,AM,rho_report_b,1.243367581176171
SIR-1S,AM,f_R_a,7.507152624467796
SIR-1S,AM,f_R_b,19.09410499630007
SIR-1S,AM,f_I_s,0.5387059073996464
SIR-1S,AM,f_I_scale,1.802289927862732e-05
SIR-1S,AM,beta_mu,0.28621901707621855
SIR-1S,AM,beta_sigma,0.03720682011384345
SIR-1S,AM,delta_beta_temporal_0_mu,0.010907105328923276
SIR-1S,AM,delta_beta_temporal_1_mu,0.02584942997752856
SIR-1S,AM,delta_beta_temporal_2_mu,0.04439474544003354
SIR-1S,AM,delta_beta_temporal_3_mu,0.07612900544826916
SIR-1S,AM,delta_beta_temporal_4_mu,0.034087671137238734
SIR-1S,AM,delta_beta_temporal_5_mu,-0.0028757134212284157
SIR-1S,AM,delta_beta_temporal_6_mu,-0.042992209167281366
SIR-1S,AM,delta_beta_temporal_7_mu,-0.0644831228061193
SIR-1S,AM,delta_beta_temporal_8_mu,-0.039378981211232934
SIR-1S,AM,delta_beta_temporal_9_mu,-0.021684982855327137
SIR-1S,AM,delta_beta_temporal_10_mu,-0.029912382594885264
SIR-1S,AM,delta_beta_temporal_0_sigma,0.06483725148797632
SIR-1S,AM,delta_beta_temporal_1_sigma,0.051537167857143205
SIR-1S,AM,delta_beta_temporal_2_sigma,0.038378473431267206
SIR-1S,AM,delta_beta_temporal_3_sigma,0.05751115250925716
SIR-1S,AM,delta_beta_temporal_4_sigma,0.0377947602672624
SIR-1S,AM,delta_beta_temporal_5_sigma,0.05030099766775623
SIR-1S,AM,delta_beta_temporal_6_sigma,0.06522206081548305
SIR-1S,AM,delta_beta_temporal_7_sigma,0.04632450871478767
SIR-1S,AM,delta_beta_temporal_8_sigma,0.03710287300459986
SIR-1S,AM,delta_beta_temporal_9_sigma,0.03335256361112517
SIR-1S,AM,delta_beta_temporal_10_sigma,0.03485712473996729
SIR-1S,AP,rho_report_a,353.75419587326047
SIR-1S,AP,rho_report_b,63.85545932458072
SIR-1S,AP,f_R_a,26.3484472915838
SIR-1S,AP,f_R_b,110.25991845177701
SIR-1S,AP,f_I_s,0.8267388212478852
SIR-1S,AP,f_I_scale,2.6197288152803664e-05
SIR-1S,AP,beta_mu,0.2421736102089354
SIR-1S,AP,beta_sigma,0.021271584313493876
SIR-1S,AP,delta_beta_temporal_0_mu,-0.019657840082821232
SIR-1S,AP,delta_beta_temporal_1_mu,-0.02091707454453239
SIR-1S,AP,delta_beta_temporal_2_mu,-0.002478735357948314
SIR-1S,AP,delta_beta_temporal_3_mu,0.05306863319465092
SIR-1S,AP,delta_beta_temporal_4_mu,0.03679741281368141
SIR-1S,AP,delta_beta_temporal_5_mu,0.021726326589653146
SIR-1S,AP,delta_beta_temporal_6_mu,-0.017559760293590892
SIR-1S,AP,delta_beta_temporal_7_mu,-0.03593713483408307
SIR-1S,AP,delta_beta_temporal_8_mu,-0.03992634441630543
SIR-1S,AP,delta_beta_temporal_9_mu,-0.017224682396735722
SIR-1S,AP,delta_beta_temporal_10_mu,-0.0014292148089157207
SIR-1S,AP,delta_beta_temporal_0_sigma,0.04355213913457803
SIR-1S,AP,delta_beta_temporal_1_sigma,0.019860399365114346
SIR-1S,AP,delta_beta_temporal_2_sigma,0.031374438555479556
SIR-1S,AP,delta_beta_temporal_3_sigma,0.0593379835276162
SIR-1S,AP,delta_beta_temporal_4_sigma,0.038857522364996684
SIR-1S,AP,delta_beta_temporal_5_sigma,0.035271303337949936
SIR-1S,AP,delta_beta_temporal_6_sigma,0.05477744814384367
SIR-1S,AP,delta_beta_temporal_7_sigma,0.0535108968728723
SIR-1S,AP,delta_beta_temporal_8_sigma,0.04949949595268984
SIR-1S,AP,delta_beta_temporal_9_sigma,0.03781608497356942
SIR-1S,AP,delta_beta_temporal_10_sigma,0.030551465165256867
SIR-1S,BA,rho_report_a,1.1288978173339204
SIR-1S,BA,rho_report_b,1.7431616138230892
SIR-1S,BA,f_R_a,5.238473165628977
SIR-1S,BA,f_R_b,10.923208955754514
SIR-1S,BA,f_I_s,1.0345915364000815
SIR-1S,BA,f_I_scale,3.400632144742676e-05
SIR-1S,BA,beta_mu,0.3116631120471481
SIR-1S,BA,beta_sigma,0.050150154627257915
SIR-1S,BA,delta_beta_temporal_0_mu,-0.03968705704163611
SIR-1S,BA,delta_beta_temporal_1_mu,-0.013569660968976372
SIR-1S,BA,delta_beta_temporal_2_mu,0.022523241805417926
SIR-1S,BA,delta_beta_temporal_3_mu,0.08059598411251769
SIR-1S,BA,delta_beta_temporal_4_mu,0.10481091530478699
SIR-1S,BA,delta_beta_temporal_5_mu,0.06470305547141095
SIR-1S,BA,delta_beta_temporal_6_mu,0.01564090966211082
SIR-1S,BA,delta_beta_temporal_7_mu,-0.029600083989489465
SIR-1S,BA,delta_beta_temporal_8_mu,-0.088187688378041
SIR-1S,BA,delta_beta_temporal_9_mu,-0.0686927297938115
SIR-1S,BA,delta_beta_temporal_10_mu,-0.0583082385721582
SIR-1S,BA,delta_beta_temporal_0_sigma,0.05471660456180318
SIR-1S,BA,delta_beta_temporal_1_sigma,0.03197157278865492
SIR-1S,BA,delta_beta_temporal_2_sigma,0.06474840853029834
SIR-1S,BA,delta_beta_temporal_3_sigma,0.042500127905614825
SIR-1S,BA,delta_beta_temporal_4_sigma,0.07878451907542205
SIR-1S,BA,delta_beta_temporal_5_sigma,0.07117629445287325
SIR-1S,BA,delta_beta_temporal_6_sigma,0.059899839534632536
SIR-1S,BA,delta_beta_temporal_7_sigma,0.06720191478119938
SIR-1S,BA,delta_beta_temporal_8_sigma,0.041453244146132
SIR-1S,BA,delta_beta_temporal_9_sigma,0.04712174725822005
SIR-1S,BA,delta_beta_temporal_10_sigma,0.04635571693462991
SIR-1S,CE,rho_report_a,6.177462421499579
SIR-1S,CE,rho_report_b,2.168028497523951
SIR-1S,CE,f_R_a,9.676938094400846
SIR-1S,CE,f_R_b,14.661074922276375
SIR-1S,CE,f_I_s,0.6575202284098839
SIR-1S,CE,f_I_scale,2.2268558913072736e-05
SIR-1S,CE,beta_mu,0.346530388106371
SIR-1S,CE,beta_sigma,0.05874153592387175
SIR-1S,CE,delta_beta_temporal_0_mu,-0.07350874591073574
SIR-1S,CE,delta_beta_temporal_1_mu,-0.03448789808322093
SIR-1S,CE,delta_beta_temporal_2_mu,-0.007307258748659981
SIR-1S,CE,delta_beta_temporal_3_mu,0.05987350256318918
SIR-1S,CE,delta_beta_temporal_4_mu,0.10080627086513273
SIR-1S,CE,delta_beta_temporal_5_mu,0.08054980965121863
SIR-1S,CE,delta_beta_temporal_6_mu,0.07773519305450773
SIR-1S,CE,delta_beta_temporal_7_mu,0.009285751161372388
SIR-1S,CE,delta_beta_temporal_8_mu,-0.05846946587783137
SIR-1S,CE,delta_beta_temporal_9_mu,-0.0791906804854003
SIR-1S,CE,delta_beta_temporal_10_mu,-0.07728196084901262
SIR-1S,CE,delta_beta_temporal_0_sigma,0.050441720452793125
SIR-1S,CE,delta_beta_temporal_1_sigma,0.03135911862604223
SIR-1S,CE,delta_beta_temporal_2_sigma,0.03591639924951853
SIR-1S,CE,delta_beta_temporal_3_sigma,0.05731005893585948
SIR-1S,CE,delta_beta_temporal_4_sigma,0.052948014918583475
SIR-1S,CE,delta_beta_temporal_5_sigma,0.05160156184290292
SIR-1S,CE,delta_beta_temporal_6_sigma,0.05916645948934545
SIR-1S,CE,delta_beta_temporal_7_sigma,0.09811402094499433
SIR-1S,CE,delta_beta_temporal_8_sigma,0.055565130680414486
SIR-1S,CE,delta_beta_temporal_9_sigma,0.060802618354564755
SIR-1S,CE,delta_beta_temporal_10_sigma,0.043672285759485084
SIR-1S,DF,rho_report_a,1.3737747087473522
SIR-1S,DF,rho_report_b,0.9777565158803796
SIR-1S,DF,f_R_a,2.8428399023044735
SIR-1S,DF,f_R_b,6.674017462185818
SIR-1S,DF,f_I_s,0.9639311844870513
SIR-1S,DF,f_I_scale,2.597845017567248e-05
SIR-1S,DF,beta_mu,0.30917517366512276
SIR-1S,DF,beta_sigma,0.06381864132062685
SIR-1S,DF,delta_beta_temporal_0_mu,-0.03843085987263638
SIR-1S,DF,delta_beta_temporal_1_mu,-0.006858227125593762
SIR-1S,DF,delta_beta_temporal_2_mu,0.04128277622783916
SIR-1S,DF,delta_beta_temporal_3_mu,0.07039362055601758
SIR-1S,DF,delta_beta_temporal_4_mu,0.06663520176857722
SIR-1S,DF,delta_beta_temporal_5_mu,0.03344368393801059
SIR-1S,DF,delta_beta_temporal_6_mu,0.034732984797546315
SIR-1S,DF,delta_beta_temporal_7_mu,-0.007956277743215634
SIR-1S,DF,delta_beta_temporal_8_mu,-0.06793051643881229
SIR-1S,DF,delta_beta_temporal_9_mu,-0.10383826169144987
SIR-1S,DF,delta_beta_temporal_10_mu,-0.05260569091229483
SIR-1S,DF,delta_beta_temporal_0_sigma,0.05134146964684527
SIR-1S,DF,delta_beta_temporal_1_sigma,0.021271899646549873
SIR-1S,DF,delta_beta_temporal_2_sigma,0.05152137343309153
SIR-1S,DF,delta_beta_temporal_3_sigma,0.06371306507918391
SIR-1S,DF,delta_beta_temporal_4_sigma,0.037403820483877685
SIR-1S,DF,delta_beta_temporal_5_sigma,0.035151172656533176
SIR-1S,DF,delta_beta_temporal_6_sigma,0.0555847408030665
SIR-1S,DF,delta_beta_temporal_7_sigma,0.06518915580857416
SIR-1S,DF,delta_beta_temporal_8_sigma,0.06173902873824439
SIR-1S,DF,delta_beta_temporal_9_sigma,0.06472895077376337
SIR-1S,DF,delta_beta_temporal_10_sigma,0.06339628275561415
SIR-1S,ES,rho_report_a,9.75800603311169
SIR-1S,ES,rho_report_b,2.970324232566018
SIR-1S,ES,f_R_a,3.0638689011647866
SIR-1S,ES,f_R_b,5.919585047738776
SIR-1S,ES,f_I_s,1.2695062163241426
SIR-1S,ES,f_I_scale,2.1536184749230717e-05
SIR-1S,ES,beta_mu,0.3130272566886605
SIR-1S,ES,beta_sigma,0.08245836099139657
SIR-1S,ES,delta_beta_temporal_0_mu,-0.014941845828330602
SIR-1S,ES,delta_beta_temporal_1_mu,0.009285519296336623
SIR-1S,ES,delta_beta_temporal_2_mu,0.04846234944627701
SIR-1S,ES,delta_beta_temporal_3_mu,0.056510495213873434
SIR-1S,ES,delta_beta_temporal_4_mu,0.009785483573966839
SIR-1S,ES,delta_beta_temporal_5_mu,0.045607540892443586
SIR-1S,ES,delta_beta_temporal_6_mu,-0.023511800648909374
SIR-1S,ES,delta_beta_temporal_7_mu,-0.03276931273206531
SIR-1S,ES,delta_beta_temporal_8_mu,-0.03894207763358807
SIR-1S,ES,delta_beta_temporal_9_mu,-0.05294210978989122
SIR-1S,ES,delta_beta_temporal_10_mu,-0.039521646485399624
SIR-1S,ES,delta_beta_temporal_0_sigma,0.03882868146052136
SIR-1S,ES,delta_beta_temporal_1_sigma,0.03348530388601785
SIR-1S,ES,delta_beta_temporal_2_sigma,0.05685022505120705
SIR-1S,ES,delta_beta_temporal_3_sigma,0.05026500819216191
SIR-1S,ES,delta_beta_temporal_4_sigma,0.05146452252956841
SIR-1S,ES,delta_beta_temporal_5_sigma,0.051322686962511625
SIR-1S,ES,delta_beta_temporal_6_sigma,0.08744894119739856
SIR-1S,ES,delta_beta_temporal_7_sigma,0.08134419602734747
SIR-1S,ES,delta_beta_temporal_8_sigma,0.054820491352765274
SIR-1S,ES,delta_beta_temporal_9_sigma,0.04261709973124999
SIR-1S,ES,delta_beta_temporal_10_sigma,0.040022157814836125
SIR-1S,GO,rho_report_a,2.7439628692791533
SIR-1S,GO,rho_report_b,1.931208741619462
SIR-1S,GO,f_R_a,7.397934964950191
SIR-1S,GO,f_R_b,11.015539010962852
SIR-1S,GO,f_I_s,0.4929951867155582
SIR-1S,GO,f_I_scale,7.395290778574767e-05
SIR-1S,GO,beta_mu,0.35719327882176993
SIR-1S,GO,beta_sigma,0.05262097946118014
SIR-1S,GO,delta_beta_temporal_0_mu,1.78567826077451e-05
SIR-1S,GO,delta_beta_temporal_1_mu,-0.0029918482003184646
SIR-1S,GO,delta_beta_temporal_2_mu,0.030611368419446446
SIR-1S,GO,delta_beta_temporal_3_mu,0.09007338070889678
SIR-1S,GO,delta_beta_temporal_4_mu,0.05098326728079512
SIR-1S,GO,delta_beta_temporal_5_mu,0.03245233456613128
SIR-1S,GO,delta_beta_temporal_6_mu,0.013135971403831834
SIR-1S,GO,delta_beta_temporal_7_mu,-0.004749152074902793
SIR-1S,GO,delta_beta_temporal_8_mu,-0.07822435864428474
SIR-1S,GO,delta_beta_temporal_9_mu,-0.09785632088666661
SIR-1S,GO,delta_beta_temporal_10_mu,-0.024986701506241306
SIR-1S,GO,delta_beta_temporal_0_sigma,0.05655505489663044
SIR-1S,GO,delta_beta_temporal_1_sigma,0.032029986987018325
SIR-1S,GO,delta_beta_temporal_2_sigma,0.05543244008991302
SIR-1S,GO,delta_beta_temporal_3_sigma,0.08041962216669422
SIR-1S,GO,delta_beta_temporal_4_sigma,0.0393178355259275
SIR-1S,GO,delta_beta_temporal_5_sigma,0.03341632387629114
SIR-1S,GO,delta_beta_temporal_6_sigma,0.05424628631296801
SIR-1S,GO,delta_beta_temporal_7_sigma,0.06340885998025249
SIR-1S,GO,delta_beta_temporal_8_sigma,0.04378795569391205
SIR-1S,GO,delta_beta_temporal_9_sigma,0.05570016085855032
SIR-1S,GO,delta_beta_temporal_10_sigma,0.04530767732084908
SIR-1S,MA,rho_report_a,1.6091376192046405
SIR-1S,MA,rho_report_b,0.8701301706445697
SIR-1S,MA,f_R_a,5.827733857970948
SIR-1S,MA,f_R_b,14.853112222623341
SIR-1S,MA,f_I_s,0.9555024785353066
SIR-1S,MA,f_I_scale,7.595320644100399e-06
SIR-1S,MA,beta_mu,0.28756582464024
SIR-1S,MA,beta_sigma,0.04742119294014979
SIR-1S,MA,delta_beta_temporal_0_mu,-0.04698611133787554
SIR-1S,MA,delta_beta_temporal_1_mu,-0.009109856574222435
SIR-1S,MA,delta_beta_temporal_2_mu,0.031435459615615495
SIR-1S,MA,delta_beta_temporal_3_mu,0.10300361604258948
SIR-1S,MA,delta_beta_temporal_4_mu,0.10062526393503826
SIR-1S,MA,delta_beta_temporal_5_mu,0.04981775643296714
SIR-1S,MA,delta_beta_temporal_6_mu,-0.018911992386044445
SIR-1S,MA,delta_beta_temporal_7_mu,-0.05603879215124385
SIR-1S,MA,delta_beta_temporal_8_mu,-0.07158116302118378
SIR-1S,MA,delta_beta_temporal_9_mu,-0.0636999322767275
SIR-1S,MA,delta_beta_temporal_10_mu,-0.040612374638928715
SIR-1S,MA,delta_beta_temporal_0_sigma,0.026513425445248675
SIR-1S,MA,delta_beta_temporal_1_sigma,0.027679992632983867
SIR-1S,MA,delta_beta_temporal_2_sigma,0.02619666555843264
SIR-1S,MA,delta_beta_temporal_3_sigma,0.04545416618034208
SIR-1S,MA,delta_beta_temporal_4_sigma,0.058838142647256474
SIR-1S,MA,delta_beta_temporal_5_sigma,0.07764907254262052
SIR-1S,MA,delta_beta_temporal_6_sigma,0.04124594376254195
SIR-1S,MA,delta_beta_temporal_7_sigma,0.055262275505947235
SIR-1S,MA,delta_beta_temporal_8_sigma,0.043856542102755795
SIR-1S,MA,delta_beta_temporal_9_sigma,0.04033471756583807
SIR-1S,MA,delta_beta_temporal_10_sigma,0.029459011330031423
SIR-1S,MG,rho_report_a,1.2730281718695344
SIR-1S,MG,rho_report_b,5.071362402767135
SIR-1S,MG,f_R_a,23.41010684265981
SIR-1S,MG,f_R_b,27.594721453363718
SIR-1S,MG,f_I_s,0.669840360153952
SIR-1S,MG,f_I_scale,3.580787116588292e-05
SIR-1S,MG,beta_mu,0.4033457700550686
SIR-1S,MG,beta_sigma,0.059224647255741635
SIR-1S,MG,delta_beta_temporal_0_mu,-0.05187930459857693
SIR-1S,MG,delta_beta_temporal_1_mu,-0.010123028592116322
SIR-1S,MG,delta_beta_temporal_2_mu,0.03825423617400037
SIR-1S,MG,delta_beta_temporal_3_mu,0.10051010550747315
SIR-1S,MG,delta_beta_temporal_4_mu,0.0448079656423462
SIR-1S,MG,delta_beta_temporal_5_mu,0.06236312870038352
SIR-1S,MG,delta_beta_temporal_6_mu,0.0497901689518652
SIR-1S,MG,delta_beta_temporal_7_mu,-0.013839674759641424
SIR-1S,MG,delta_beta_temporal_8_mu,-0.09436396535820206
SIR-1S,MG,delta_beta_temporal_9_mu,-0.10637417137660944
SIR-1S,MG,delta_beta_temporal_10_mu,-0.013767908266259779
SIR-1S,MG,delta_beta_temporal_0_sigma,0.05699037585792871
SIR-1S,MG,delta_beta_temporal_1_sigma,0.036815819128780576
SIR-1S,MG,delta_beta_temporal_2_sigma,0.05840947020546425
SIR-1S,MG,delta_beta_temporal_3_sigma,0.04230755163696911
SIR-1S,MG,delta_beta_temporal_4_sigma,0.05521531633312787
SIR-1S,MG,delta_beta_temporal_5_sigma,0.0518865582249256
SIR-1S,MG,delta_beta_temporal_6_sigma,0.050239841345969045
SIR-1S,MG,delta_beta_temporal_7_sigma,0.059252039130405124
SIR-1S,MG,delta_beta_temporal_8_sigma,0.058772872894586985
SIR-1S,MG,delta_beta_temporal_9_sigma,0.05669705481208961
SIR-1S,MG,delta_beta_temporal_10_sigma,0.05750043925042196
SIR-1S,MS,rho_report_a,1.341235839972386
SIR-1S,MS,rho_report_b,1.4536166564163502
SIR-1S,MS,f_R_a,5.170303228820731
SIR-1S,MS,f_R_b,9.536848352976438
SIR-1S,MS,f_I_s,0.8502739214958794
SIR-1S,MS,f_I_scale,2.7830215589531558e-05
SIR-1S,MS,beta_mu,0.33577335975792294
SIR-1S,MS,beta_sigma,0.0639341192634518
SIR-1S,MS,delta_beta_temporal_0_mu,-0.012198556791453185
SIR-1S,MS,delta_beta_temporal_1_mu,0.04131244952697455
SIR-1S,MS,delta_beta_temporal_2_mu,0.03750150069870121
SIR-1S,MS,delta_beta_temporal_3_mu,0.07373267677200661
SIR-1S,MS,delta_beta_temporal_4_mu,0.05892750536111597
SIR-1S,MS,delta_beta_temporal_5_mu,0.03536735527391372
SIR-1S,MS,delta_beta_temporal_6_mu,0.013216804142676186
SIR-1S,MS,delta_beta_temporal_7_mu,-0.05443856763152523
SIR-1S,MS,delta_beta_temporal_8_mu,-0.10442595278319759
SIR-1S,MS,delta_beta_temporal_9_mu,-0.07387023525593502
SIR-1S,MS,delta_beta_temporal_10_mu,-0.03102418491434546
SIR-1S,MS,delta_beta_temporal_0_sigma,0.0321125614542759
SIR-1S,MS,delta_beta_temporal_1_sigma,0.041323258802320184
SIR-1S,MS,delta_beta_temporal_2_sigma,0.043118280279916724
SIR-1S,MS,delta_beta_temporal_3_sigma,0.08880149704488942
SIR-1S,MS,delta_beta_temporal_4_sigma,0.05859664165049788
SIR-1S,MS,delta_beta_temporal_5_sigma,0.054593161817093463
SIR-1S,MS,delta_beta_temporal_6_sigma,0.06158326892331303
SIR-1S,MS,delta_beta_temporal_7_sigma,0.06586257396247948
SIR-1S,MS,delta_beta_temporal_8_sigma,0.053982429056104266
SIR-1S,MS,delta_beta_temporal_9_sigma,0.060121088576287854
SIR-1S,MS,delta_beta_temporal_10_sigma,0.04401389880415703
SIR-1S,MT,rho_report_a,2.4069209325780148
SIR-1S,MT,rho_report_b,1.4682285620938562
SIR-1S,MT,f_R_a,4.797398958776431
SIR-1S,MT,f_R_b,9.84998619273861
SIR-1S,MT,f_I_s,0.6493568840346299
SIR-1S,MT,f_I_scale,3.1436706879323246e-05
SIR-1S,MT,beta_mu,0.3143383564781365
SIR-1S,MT,beta_sigma,0.05179949501629692
SIR-1S,MT,delta_beta_temporal_0_mu,0.002753838137913128
SIR-1S,MT,delta_beta_temporal_1_mu,0.04917142188485483
SIR-1S,MT,delta_beta_temporal_2_mu,0.06424403743670107
SIR-1S,MT,delta_beta_temporal_3_mu,0.08069489860788273
SIR-1S,MT,delta_beta_temporal_4_mu,0.030026704176690365
SIR-1S,MT,delta_beta_temporal_5_mu,0.006985401619297207
SIR-1S,MT,delta_beta_temporal_6_mu,-0.015554246287645585
SIR-1S,MT,delta_beta_temporal_7_mu,-0.03760148256149575
SIR-1S,MT,delta_beta_temporal_8_mu,-0.08166414242379309
SIR-1S,MT,delta_beta_temporal_9_mu,-0.07679794759753208
SIR-1S,MT,delta_beta_temporal_10_mu,-0.04762271287832526
SIR-1S,MT,delta_beta_temporal_0_sigma,0.03369795156182865
SIR-1S,MT,delta_beta_temporal_1_sigma,0.03233036668559199
SIR-1S,MT,delta_beta_temporal_2_sigma,0.0455905392066575
SIR-1S,MT,delta_beta_temporal_3_sigma,0.051598999570445496
SIR-1S,MT,delta_beta_temporal_4_sigma,0.04212919158487177
SIR-1S,MT,delta_beta_temporal_5_sigma,0.05773898496730538
SIR-1S,MT,delta_beta_temporal_6_sigma,0.060642757079088984
SIR-1S,MT,delta_beta_temporal_7_sigma,0.07315232439995009
SIR-1S,MT,delta_beta_temporal_8_sigma,0.025489333045586118
SIR-1S,MT,delta_beta_temporal_9_sigma,0.04745659724959413
SIR-1S,MT,delta_beta_temporal_10_sigma,0.03905645139716182
SIR-1S,PA,rho_report_a,5.331608548128745
SIR-1S,PA,rho_report_b,2.0014075903598822
SIR-1S,PA,f_R_a,7.155391411485907
SIR-1S,PA,f_R_b,13.783545155477583
SIR-1S,PA,f_I_s,0.792687189472002
SIR-1S,PA,f_I_scale,8.404253762094038e-06
SIR-1S,PA,beta_mu,0.31294832234976344
SIR-1S,PA,beta_sigma,0.04729099813746137
SIR-1S,PA,delta_beta_temporal_0_mu,-0.0025995764540713007
SIR-1S,PA,delta_beta_temporal_1_mu,0.03666735672533265
SIR-1S,PA,delta_beta_temporal_2_mu,0.047564946696199505
SIR-1S,PA,delta_beta_temporal_3_mu,0.0972163641552185
SIR-1S,PA,delta_beta_temporal_4_mu,0.06639307835400009
SIR-1S,PA,delta_beta_temporal_5_mu,0.010891501175347729
SIR-1S,PA,delta_beta_temporal_6_mu,-0.05654279545067242
SIR-1S,PA,delta_beta_temporal_7_mu,-0.06320968842305723
SIR-1S,PA,delta_beta_temporal_8_mu,-0.08237230948180267
SIR-1S,PA,delta_beta_temporal_9_mu,-0.049886064439855285
SIR-1S,PA,delta_beta_temporal_10_mu,-0.012617774022621429
SIR-1S,PA,delta_beta_temporal_0_sigma,0.03663291688750057
SIR-1S,PA,delta_beta_temporal_1_sigma,0.046891858204397126
SIR-1S,PA,delta_beta_temporal_2_sigma,0.048850189015061225
SIR-1S,PA,delta_beta_temporal_3_sigma,0.06318363778931942
SIR-1S,PA,delta_beta_temporal_4_sigma,0.04569020145511318
SIR-1S,PA,delta_beta_temporal_5_sigma,0.050512642630353016
SIR-1S,PA,delta_beta_temporal_6_sigma,0.04456955837939512
SIR-1S,PA,delta_beta_temporal_7_sigma,0.044630316494526576
SIR-1S,PA,delta_beta_temporal_8_sigma,0.02728854920344495
SIR-1S,PA,delta_beta_temporal_9_sigma,0.029213522018849088
SIR-1S,PA,delta_beta_temporal_10_sigma,0.028968668536848506
SIR-1S,PB,rho_report_a,4.48252499377605
SIR-1S,PB,rho_report_b,1.5014305762547917
SIR-1S,PB,f_R_a,3.0440746073550327
SIR-1S,PB,f_R_b,7.225100737959121
SIR-1S,PB,f_I_s,0.7218885645269607
SIR-1S,PB,f_I_scale,2.905172289665327e-05
SIR-1S,PB,beta_mu,0.3009109144992096
SIR-1S,PB,beta_sigma,0.057271903033505274
SIR-1S,PB,delta_beta_temporal_0_mu,-0.059825508529665915
SIR-1S,PB,delta_beta_temporal_1_mu,-0.04999678229051834
SIR-1S,PB,delta_beta_temporal_2_mu,-0.0073605213529708575
SIR-1S,PB,delta_beta_temporal_3_mu,0.029831473480756567
SIR-1S,PB,delta_beta_temporal_4_mu,0.07643602877002494
SIR-1S,PB,delta_beta_temporal_5_mu,0.08572031585451478
SIR-1S,PB,delta_beta_temporal_6_mu,0.0478652477481743
SIR-1S,PB,delta_beta_temporal_7_mu,0.009916638271004544
SIR-1S,PB,delta_beta_temporal_8_mu,-0.037805096254474445
SIR-1S,PB,delta_beta_temporal_9_mu,-0.0419493009766848
SIR-1S,PB,delta_beta_temporal_10_mu,-0.0557889675058646
SIR-1S,PB,delta_beta_temporal_0_sigma,0.03266143885616164
SIR-1S,PB,delta_beta_temporal_1_sigma,0.03651413466445306
SIR-1S,PB,delta_beta_temporal_2_sigma,0.06327107782139822
SIR-1S,PB,delta_beta_temporal_3_sigma,0.048350079649431756
SIR-1S,PB,delta_beta_temporal_4_sigma,0.03842267581626454
SIR-1S,PB,delta_beta_temporal_5_sigma,0.061591575343823986
SIR-1S,PB,delta_beta_temporal_6_sigma,0.06205854038483473
SIR-1S,PB,delta_beta_temporal_7_sigma,0.07487157253038752
SIR-1S,PB,delta_beta_temporal_8_sigma,0.04867011605205868
SIR-1S,PB,delta_beta_temporal_9_sigma,0.044677554646282265
SIR-1S,PB,delta_beta_temporal_10_sigma,0.0557468440258024
SIR-1S,PE,rho_report_a,3.50915296294392
SIR-1S,PE,rho_report_b,1.4758512992616015
SIR-1S,PE,f_R_a,2.728299384462405
SIR-1S,PE,f_R_b,4.803630823919815
SIR-1S,PE,f_I_s,0.7328343077376559
SIR-1S,PE,f_I_scale,2.5365668379572163e-05
SIR-1S,PE,beta_mu,0.3377572348088713
SIR-1S,PE,beta_sigma,0.07267280604259643
SIR-1S,PE,delta_beta_temporal_0_mu,-0.028466504304815066
SIR-1S,PE,delta_beta_temporal_1_mu,-0.022085337656693134
SIR-1S,PE,delta_beta_temporal_2_mu,-0.016233414479150023
SIR-1S,PE,delta_beta_temporal_3_mu,0.002741688628308365
SIR-1S,PE,delta_beta_temporal_4_mu,0.07582161051973636
SIR-1S,PE,delta_beta_temporal_5_mu,0.09468047813561804
SIR-1S,PE,delta_beta_temporal_6_mu,0.035418837288954126
SIR-1S,PE,delta_beta_temporal_7_mu,0.004934215083342637
SIR-1S,PE,delta_beta_temporal_8_mu,-0.04571846986791423
SIR-1S,PE,delta_beta_temporal_9_mu,-0.049157958685052836
SIR-1S,PE,delta_beta_temporal_10_mu,-0.04574397425650768
SIR-1S,PE,delta_beta_temporal_0_sigma,0.039450758474009404
SIR-1S,PE,delta_beta_temporal_1_sigma,0.06051598020104759
SIR-1S,PE,delta_beta_temporal_2_sigma,0.04170497398224724
SIR-1S,PE,delta_beta_temporal_3_sigma,0.06725581579953982
SIR-1S,PE,delta_beta_temporal_4_sigma,0.046875624045602964
SIR-1S,PE,delta_beta_temporal_5_sigma,0.07037644189848036
SIR-1S,PE,delta_beta_temporal_6_sigma,0.06209749669373837
SIR-1S,PE,delta_beta_temporal_7_sigma,0.09310578484075796
SIR-1S,PE,delta_beta_temporal_8_sigma,0.047483633678753336
SIR-1S,PE,delta_beta_temporal_9_sigma,0.05527140469363547
SIR-1S,PE,delta_beta_temporal_10_sigma,0.03926173537771795
SIR-1S,PI,rho_report_a,5.4277324832359675
SIR-1S,PI,rho_report_b,2.029203744880505
SIR-1S,PI,f_R_a,5.1453054626747186
SIR-1S,PI,f_R_b,9.382344726757402
SIR-1S,PI,f_I_s,0.6576993291874071
SIR-1S,PI,f_I_scale,1.1755602170765591e-05
SIR-1S,PI,beta_mu,0.3288219483521972
SIR-1S,PI,beta_sigma,0.07279569654988073
SIR-1S,PI,delta_beta_temporal_0_mu,-0.06511716180276153
SIR-1S,PI,delta_beta_temporal_1_mu,-0.015636013006734922
SIR-1S,PI,delta_beta_temporal_2_mu,0.015727054253866227
SIR-1S,PI,delta_beta_temporal_3_mu,0.06548703352627702
SIR-1S,PI,delta_beta_temporal_4_mu,0.08149679450829174
SIR-1S,PI,delta_beta_temporal_5_mu,0.08439733437078378
SIR-1S,PI,delta_beta_temporal_6_mu,0.05893207517051816
SIR-1S,PI,delta_beta_temporal_7_mu,0.0008331054018466702
SIR-1S,PI,delta_beta_temporal_8_mu,-0.0649590207920182
SIR-1S,PI,delta_beta_temporal_9_mu,-0.09437660703564042
SIR-1S,PI,delta_beta_temporal_10_mu,-0.08287242933064388
SIR-1S,PI,delta_beta_temporal_0_sigma,0.024657308598331092
SIR-1S,PI,delta_beta_temporal_1_sigma,0.01672963728216847
SIR-1S,PI,delta_beta_temporal_2_sigma,0.026387207355993373
SIR-1S,PI,delta_beta_temporal_3_sigma,0.03290886341498293
SIR-1S,PI,delta_beta_temporal_4_sigma,0.04983166480850288
SIR-1S,PI,delta_beta_temporal_5_sigma,0.04654449556032408
SIR-1S,PI,delta_beta_temporal_6_sigma,0.0620189040561563
SIR-1S,PI,delta_beta_temporal_7_sigma,0.0735427530990243
SIR-1S,PI,delta_beta_temporal_8_sigma,0.05226693935300581
SIR-1S,PI,delta_beta_temporal_9_sigma,0.0405368981117508
SIR-1S,PI,delta_beta_temporal_10_sigma,0.043378717510044525
SIR-1S,PR,rho_report_a,0.576261509870269
SIR-1S,PR,rho_report_b,0.9773029439408711
SIR-1S,PR,f_R_a,3.018314117336057
SIR-1S,PR,f_R_b,5.182171087033841
SIR-1S,PR,f_I_s,1.2878827209750274
SIR-1S,PR,f_I_scale,1.2021414979546317e-05
SIR-1S,PR,beta_mu,0.37405065845059937
SIR-1S,PR,beta_sigma,0.12917829849775952
SIR-1S,PR,delta_beta_temporal_0_mu,-0.034788803320894825
SIR-1S,PR,delta_beta_temporal_1_mu,-0.0009621062865863646
SIR-1S,PR,delta_beta_temporal_2_mu,0.01618152696807865
SIR-1S,PR,delta_beta_temporal_3_mu,0.05094899736855539
SIR-1S,PR,delta_beta_temporal_4_mu,0.07882180133551457
SIR-1S,PR,delta_beta_temporal_5_mu,0.07712832122343885
SIR-1S,PR,delta_beta_temporal_6_mu,0.05115939334906026
SIR-1S,PR,delta_beta_temporal_7_mu,-0.028715778150712766
SIR-1S,PR,delta_beta_temporal_8_mu,-0.12656804667713165
SIR-1S,PR,delta_beta_temporal_9_mu,-0.07730518691664442
SIR-1S,PR,delta_beta_temporal_10_mu,-0.03029078885360288
SIR-1S,PR,delta_beta_temporal_0_sigma,0.05016850770806852
SIR-1S,PR,delta_beta_temporal_1_sigma,0.04920742498873716
SIR-1S,PR,delta_beta_temporal_2_sigma,0.04456287841598756
SIR-1S,PR,delta_beta_temporal_3_sigma,0.04904473870319508
SIR-1S,PR,delta_beta_temporal_4_sigma,0.059262259922883184
SIR-1S,PR,delta_beta_temporal_5_sigma,0.08405584366700401
SIR-1S,PR,delta_beta_temporal_6_sigma,0.05834106170153775
SIR-1S,PR,delta_beta_temporal_7_sigma,0.0670027238250174
SIR-1S,PR,delta_beta_temporal_8_sigma,0.08110801652266127
SIR-1S,PR,delta_beta_temporal_9_sigma,0.08614245966940202
SIR-1S,PR,delta_beta_temporal_10_sigma,0.057434658223332324
SIR-1S,RJ,rho_report_a,0.8573962546415618
SIR-1S,RJ,rho_report_b,0.8504465297410013
SIR-1S,RJ,f_R_a,4.659035206291132
SIR-1S,RJ,f_R_b,8.711673502021233
SIR-1S,RJ,f_I_s,1.5591394913487315
SIR-1S,RJ,f_I_scale,1.497600749619629e-05
SIR-1S,RJ,beta_mu,0.3328405674693947
SIR-1S,RJ,beta_sigma,0.07613101293300184
SIR-1S,RJ,delta_beta_temporal_0_mu,-0.05047380796637745
SIR-1S,RJ,delta_beta_temporal_1_mu,-0.006935540287333551
SIR-1S,RJ,delta_beta_temporal_2_mu,0.04592093487415228
SIR-1S,RJ,delta_beta_temporal_3_mu,0.08128814084637313
SIR-1S,RJ,delta_beta_temporal_4_mu,0.04057273918914101
SIR-1S,RJ,delta_beta_temporal_5_mu,0.07139198858260166
SIR-1S,RJ,delta_beta_temporal_6_mu,0.029765367676823966
SIR-1S,RJ,delta_beta_temporal_7_mu,-0.02389307615254304
SIR-1S,RJ,delta_beta_temporal_8_mu,-0.07247498597279882
SIR-1S,RJ,delta_beta_temporal_9_mu,-0.0767057530900649
SIR-1S,RJ,delta_beta_temporal_10_mu,-0.04672068569158235
SIR-1S,RJ,delta_beta_temporal_0_sigma,0.06603121875244727
SIR-1S,RJ,delta_beta_temporal_1_sigma,0.03652506066551582
SIR-1S,RJ,delta_beta_temporal_2_sigma,0.03447199356016022
SIR-1S,RJ,delta_beta_temporal_3_sigma,0.06011805928515864
SIR-1S,RJ,delta_beta_temporal_4_sigma,0.06420613336284281
SIR-1S,RJ,delta_beta_temporal_5_sigma,0.07358285869837375
SIR-1S,RJ,delta_beta_temporal_6_sigma,0.08232240523528454
SIR-1S,RJ,delta_beta_temporal_7_sigma,0.050248944246238346
SIR-1S,RJ,delta_beta_temporal_8_sigma,0.040522922682451
SIR-1S,RJ,delta_beta_temporal_9_sigma,0.05712695306428248
SIR-1S,RJ,delta_beta_temporal_10_sigma,0.059166741747494964
SIR-1S,RN,rho_report_a,3.927318103494514
SIR-1S,RN,rho_report_b,1.3737648161222693
SIR-1S,RN,f_R_a,4.036362318474023
SIR-1S,RN,f_R_b,7.202219555740359
SIR-1S,RN,f_I_s,0.6528955485518124
SIR-1S,RN,f_I_scale,4.01273248490114e-05
SIR-1S,RN,beta_mu,0.334054171674021
SIR-1S,RN,beta_sigma,0.06913255955471646
SIR-1S,RN,delta_beta_temporal_0_mu,-0.05963812889085666
SIR-1S,RN,delta_beta_temporal_1_mu,-0.034283981183964855
SIR-1S,RN,delta_beta_temporal_2_mu,-0.01667705507514789
SIR-1S,RN,delta_beta_temporal_3_mu,0.03411582040589196
SIR-1S,RN,delta_beta_temporal_4_mu,0.07162030527851401
SIR-1S,RN,delta_beta_temporal_5_mu,0.08916034782233316
SIR-1S,RN,delta_beta_temporal_6_mu,0.042679249257751364
SIR-1S,RN,delta_beta_temporal_7_mu,-0.012321649620191144
SIR-1S,RN,delta_beta_temporal_8_mu,-0.0387037360294063
SIR-1S,RN,delta_beta_temporal_9_mu,-0.05051259075131189
SIR-1S,RN,delta_beta_temporal_10_mu,-0.04787975723669929
SIR-1S,RN,delta_beta_temporal_0_sigma,0.03985204992207064
SIR-1S,RN,delta_beta_temporal_1_sigma,0.03314835667465734
SIR-1S,RN,delta_beta_temporal_2_sigma,0.039673298038294176
SIR-1S,RN,delta_beta_temporal_3_sigma,0.062387793867363546
SIR-1S,RN,delta_beta_temporal_4_sigma,0.05586952434608358
SIR-1S,RN,delta_beta_temporal_5_sigma,0.07144611716161023
SIR-1S,RN,delta_beta_temporal_6_sigma,0.09483130490989522
SIR-1S,RN,delta_beta_temporal_7_sigma,0.0772543563923654
SIR-1S,RN,delta_beta_temporal_8_sigma,0.0693306771253042
SIR-1S,RN,delta_beta_temporal_9_sigma,0.04373530385745815
SIR-1S,RN,delta_beta_temporal_10_sigma,0.03533681519744193
SIR-1S,RO,rho_report_a,2.3419731100075833
SIR-1S,RO,rho_report_b,1.0680012093352906
SIR-1S,RO,f_R_a,5.584694212399076
SIR-1S,RO,f_R_b,15.967410488545939
SIR-1S,RO,f_I_s,0.7547032842475785
SIR-1S,RO,f_I_scale,1.6099026750764865e-05
SIR-1S,RO,beta_mu,0.2793542014162523
SIR-1S,RO,beta_sigma,0.04524989096918812
SIR-1S,RO,delta_beta_temporal_0_mu,0.021896086418739392
SIR-1S,RO,delta_beta_temporal_1_mu,0.06616285673394925
SIR-1S,RO,delta_beta_temporal_2_mu,0.06089757405686534
SIR-1S,RO,delta_beta_temporal_3_mu,0.05688599537325435
SIR-1S,RO,delta_beta_temporal_4_mu,0.023536054248081993
SIR-1S,RO,delta_beta_temporal_5_mu,7.063183453243625e-05
SIR-1S,RO,delta_beta_temporal_6_mu,-0.05130148647323134
SIR-1S,RO,delta_beta_temporal_7_mu,-0.07202323094346176
SIR-1S,RO,delta_beta_temporal_8_mu,-0.0641930433702958
SIR-1S,RO,delta_beta_temporal_9_mu,-0.046192498317727614
SIR-1S,RO,delta_beta_temporal_10_mu,-0.03613966328853175
SIR-1S,RO,delta_beta_temporal_0_sigma,0.03209438615650631
SIR-1S,RO,delta_beta_temporal_1_sigma,0.053181647558286
SIR-1S,RO,delta_beta_temporal_2_sigma,0.0578043532839773
SIR-1S,RO,delta_beta_temporal_3_sigma,0.07179805308296205
SIR-1S,RO,delta_beta_temporal_4_sigma,0.048207887293414235
SIR-1S,RO,delta_beta_temporal_5_sigma,0.03572054418101739
SIR-1S,RO,delta_beta_temporal_6_sigma,0.0641285287705905
SIR-1S,RO,delta_beta_temporal_7_sigma,0.06037354665955342
SIR-1S,RO,delta_beta_temporal_8_sigma,0.03712832692545549
SIR-1S,RO,delta_beta_temporal_9_sigma,0.018141028102402174
SIR-1S,RO,delta_beta_temporal_10_sigma,0.02120746544617352
SIR-1S,RR,rho_report_a,880.175481746352
SIR-1S,RR,rho_report_b,142.9466304737876
SIR-1S,RR,f_R_a,76.4366108876175
SIR-1S,RR,f_R_b,338.63862523632633
SIR-1S,RR,f_I_s,0.7240914944502145
SIR-1S,RR,f_I_scale,3.294641532436072e-05
SIR-1S,RR,beta_mu,0.23320384770513294
SIR-1S,RR,beta_sigma,0.017883189367523443
SIR-1S,RR,delta_beta_temporal_0_mu,-0.028500846418045896
SIR-1S,RR,delta_beta_temporal_1_mu,-0.012195710277394035
SIR-1S,RR,delta_beta_temporal_2_mu,-0.008195882887545814
SIR-1S,RR,delta_beta_temporal_3_mu,-0.0008305729409805
SIR-1S,RR,delta_beta_temporal_4_mu,-0.0037687659568471188
SIR-1S,RR,delta_beta_temporal_5_mu,0.001955213020827364
SIR-1S,RR,delta_beta_temporal_6_mu,-0.0014823051664552569
SIR-1S,RR,delta_beta_temporal_7_mu,0.006519866275594023
SIR-1S,RR,delta_beta_temporal_8_mu,0.005237672684038879
SIR-1S,RR,delta_beta_temporal_9_mu,-0.00647647952041165
SIR-1S,RR,delta_beta_temporal_10_mu,0.0016292059341598932
SIR-1S,RR,delta_beta_temporal_0_sigma,0.04253413750208912
SIR-1S,RR,delta_beta_temporal_1_sigma,0.04011369140498952
SIR-1S,RR,delta_beta_temporal_2_sigma,0.015885916080414772
SIR-1S,RR,delta_beta_temporal_3_sigma,0.015227122363573957
SIR-1S,RR,delta_beta_temporal_4_sigma,0.01183961746542617
SIR-1S,RR,delta_beta_temporal_5_sigma,0.031178892167308597
SIR-1S,RR,delta_beta_temporal_6_sigma,0.02571758792934736
SIR-1S,RR,delta_beta_temporal_7_sigma,0.02653367777020305
SIR-1S,RR,delta_beta_temporal_8_sigma,0.015160885793074048
SIR-1S,RR,delta_beta_temporal_9_sigma,0.021767471799188108
SIR-1S,RR,delta_beta_temporal_10_sigma,0.011249956099442687
SIR-1S,RS,rho_report_a,0.9599413009913397
SIR-1S,RS,rho_report_b,0.6860563205219411
SIR-1S,RS,f_R_a,3.6738141261056776
SIR-1S,RS,f_R_b,9.184347613515609
SIR-1S,RS,f_I_s,0.6552459807517292
SIR-1S,RS,f_I_scale,9.264065815459497e-07
SIR-1S,RS,beta_mu,0.2998916362849786
SIR-1S,RS,beta_sigma,0.11150414340757828
SIR-1S,RS,delta_beta_temporal_0_mu,-0.028426680926585342
SIR-1S,RS,delta_beta_temporal_1_mu,-0.010427256205426899
SIR-1S,RS,delta_beta_temporal_2_mu,0.004165955394560835
SIR-1S,RS,delta_beta_temporal_3_mu,0.02903789042857256
SIR-1S,RS,delta_beta_temporal_4_mu,0.06726390405076443
SIR-1S,RS,delta_beta_temporal_5_mu,0.08650362629361416
SIR-1S,RS,delta_beta_temporal_6_mu,0.044078976598062314
SIR-1S,RS,delta_beta_temporal_7_mu,-0.051884758784520923
SIR-1S,RS,delta_beta_temporal_8_mu,-0.11682881599592441
SIR-1S,RS,delta_beta_temporal_9_mu,-0.07335636695580754
SIR-1S,RS,delta_beta_temporal_10_mu,-0.028498824020268626
SIR-1S,RS,delta_beta_temporal_0_sigma,0.02786411665782708
SIR-1S,RS,delta_beta_temporal_1_sigma,0.02754129880180297
SIR-1S,RS,delta_beta_temporal_2_sigma,0.0329674277959045
SIR-1S,RS,delta_beta_temporal_3_sigma,0.04580569539263976
SIR-1S,RS,delta_beta_temporal_4_sigma,0.06283786254145844
SIR-1S,RS,delta_beta_temporal_5_sigma,0.07969643163128066
SIR-1S,RS,delta_beta_temporal_6_sigma,0.05444781593292433
SIR-1S,RS,delta_beta_temporal_7_sigma,0.07581545827469577
SIR-1S,RS,delta_beta_temporal_8_sigma,0.1220040430506236
SIR-1S,RS,delta_beta_temporal_9_sigma,0.07242104367872439
SIR-1S,RS,delta_beta_temporal_10_sigma,0.04025138482691975
SIR-1S,SC,rho_report_a,0.6693376945062125
SIR-1S,SC,rho_report_b,0.6627744380285591
SIR-1S,SC,f_R_a,3.0768592015462435
SIR-1S,SC,f_R_b,8.20033771141541
SIR-1S,SC,f_I_s,1.3808750521655158
SIR-1S,SC,f_I_scale,2.539544159042089e-06
SIR-1S,SC,beta_mu,0.2917373494513305
SIR-1S,SC,beta_sigma,0.0980425497110387
SIR-1S,SC,delta_beta_temporal_0_mu,-0.038423657780001445
SIR-1S,SC,delta_beta_temporal_1_mu,-0.022350000167009585
SIR-1S,SC,delta_beta_temporal_2_mu,0.0020366483135865238
SIR-1S,SC,delta_beta_temporal_3_mu,0.017200579557946145
SIR-1S,SC,delta_beta_temporal_4_mu,0.06885530420107196
SIR-1S,SC,delta_beta_temporal_5_mu,0.06627905494626915
SIR-1S,SC,delta_beta_temporal_6_mu,0.025542152021831428
SIR-1S,SC,delta_beta_temporal_7_mu,-0.02156277811872919
SIR-1S,SC,delta_beta_temporal_8_mu,-0.06715285912557638
SIR-1S,SC,delta_beta_temporal_9_mu,-0.05680703130335515
SIR-1S,SC,delta_beta_temporal_10_mu,-0.026580237555701346
SIR-1S,SC,delta_beta_temporal_0_sigma,0.049242195520890646
SIR-1S,SC,delta_beta_temporal_1_sigma,0.04591053577791049
SIR-1S,SC,delta_beta_temporal_2_sigma,0.04802105754876256
SIR-1S,SC,delta_beta_temporal_3_sigma,0.0650580280177269
SIR-1S,SC,delta_beta_temporal_4_sigma,0.07170437847323687
SIR-1S,SC,delta_beta_temporal_5_sigma,0.05937510741923671
SIR-1S,SC,delta_beta_temporal_6_sigma,0.051647210411688585
SIR-1S,SC,delta_beta_temporal_7_sigma,0.09216190918196485
SIR-1S,SC,delta_beta_temporal_8_sigma,0.0731781295252999
SIR-1S,SC,delta_beta_temporal_9_sigma,0.07478840336403675
SIR-1S,SC,delta_beta_temporal_10_sigma,0.040988316966475556
SIR-1S,SE,rho_report_a,153.3931926261149
SIR-1S,SE,rho_report_b,29.213545452060174
SIR-1S,SE,f_R_a,10.552353811318948
SIR-1S,SE,f_R_b,38.19481238839136
SIR-1S,SE,f_I_s,1.0022533037649037
SIR-1S,SE,f_I_scale,1.4303083598669613e-05
SIR-1S,SE,beta_mu,0.2571314282439696
SIR-1S,SE,beta_sigma,0.026760670535992914
SIR-1S,SE,delta_beta_temporal_0_mu,-0.042271053638223866
SIR-1S,SE,delta_beta_temporal_1_mu,-0.0268065555973839
SIR-1S,SE,delta_beta_temporal_2_mu,-0.016490260704333397
SIR-1S,SE,delta_beta_temporal_3_mu,-0.006084233105373679
SIR-1S,SE,delta_beta_temporal_4_mu,0.032186232596074185
SIR-1S,SE,delta_beta_temporal_5_mu,0.0350518413549853
SIR-1S,SE,delta_beta_temporal_6_mu,0.03640631247335955
SIR-1S,SE,delta_beta_temporal_7_mu,0.01356012656904695
SIR-1S,SE,delta_beta_temporal_8_mu,-0.009569003004229871
SIR-1S,SE,delta_beta_temporal_9_mu,-0.00947422587946105
SIR-1S,SE,delta_beta_temporal_10_mu,-0.022301468094727276
SIR-1S,SE,delta_beta_temporal_0_sigma,0.039282394283045176
SIR-1S,SE,delta_beta_temporal_1_sigma,0.040557096495230156
SIR-1S,SE,delta_beta_temporal_2_sigma,0.04515261730553615
SIR-1S,SE,delta_beta_temporal_3_sigma,0.03669508967875709
SIR-1S,SE,delta_beta_temporal_4_sigma,0.03896770914684283
SIR-1S,SE,delta_beta_temporal_5_sigma,0.04658909376851211
SIR-1S,SE,delta_beta_temporal_6_sigma,0.039392130529870985
SIR-1S,SE,delta_beta_temporal_7_sigma,0.07677277077993297
SIR-1S,SE,delta_beta_temporal_8_sigma,0.0708323684781455
SIR-1S,SE,delta_beta_temporal_9_sigma,0.037476486555957644
SIR-1S,SE,delta_beta_temporal_10_sigma,0.05585049922980369
SIR-1S,SP,rho_report_a,0.48468338889315776
SIR-1S,SP,rho_report_b,1.291025852006189
SIR-1S,SP,f_R_a,2.8945597049005296
SIR-1S,SP,f_R_b,5.697950093037964
SIR-1S,SP,f_I_s,1.300488442997595
SIR-1S,SP,f_I_scale,2.388140002307439e-05
SIR-1S,SP,beta_mu,0.3493659821654474
SIR-1S,SP,beta_sigma,0.08333553060501815
SIR-1S,SP,delta_beta_temporal_0_mu,-0.054029890781597055
SIR-1S,SP,delta_beta_temporal_1_mu,-0.03799402678176888
SIR-1S,SP,delta_beta_temporal_2_mu,-0.011356614600702891
SIR-1S,SP,delta_beta_temporal_3_mu,0.08799502357773545
SIR-1S,SP,delta_beta_temporal_4_mu,0.06933208541397479
SIR-1S,SP,delta_beta_temporal_5_mu,0.054457121797631215
SIR-1S,SP,delta_beta_temporal_6_mu,0.04218744682347866
SIR-1S,SP,delta_beta_temporal_7_mu,-0.014280226461185373
SIR-1S,SP,delta_beta_temporal_8_mu,-0.11397480504750315
SIR-1S,SP,delta_beta_temporal_9_mu,-0.08466153846708764
SIR-1S,SP,delta_beta_temporal_10_mu,0.0028696254726523368
SIR-1S,SP,delta_beta_temporal_0_sigma,0.06614193284666513
SIR-1S,SP,delta_beta_temporal_1_sigma,0.041908304463256114
SIR-1S,SP,delta_beta_temporal_2_sigma,0.06480326341728788
SIR-1S,SP,delta_beta_temporal_3_sigma,0.07584681429894893
SIR-1S,SP,delta_beta_temporal_4_sigma,0.04643056655251084
SIR-1S,SP,delta_beta_temporal_5_sigma,0.06853445759918574
SIR-1S,SP,delta_beta_temporal_6_sigma,0.05974610149123245
SIR-1S,SP,delta_beta_temporal_7_sigma,0.061793029720660905
SIR-1S,SP,delta_beta_temporal_8_sigma,0.06870697948069429
SIR-1S,SP,delta_beta_temporal_9_sigma,0.06363750842343907
SIR-1S,SP,delta_beta_temporal_10_sigma,0.06068108812264799
SIR-1S,TO,rho_report_a,3.2131642885834375
SIR-1S,TO,rho_report_b,1.3420758636981467
SIR-1S,TO,f_R_a,4.761660393646715
SIR-1S,TO,f_R_b,11.334621821129925
SIR-1S,TO,f_I_s,0.686190536514005
SIR-1S,TO,f_I_scale,2.0510558781249592e-05
SIR-1S,TO,beta_mu,0.29857910109970015
SIR-1S,TO,beta_sigma,0.05074233467804264
SIR-1S,TO,delta_beta_temporal_0_mu,0.00967720257806802
SIR-1S,TO,delta_beta_temporal_1_mu,0.05188825789165812
SIR-1S,TO,delta_beta_temporal_2_mu,0.0682648202044808
SIR-1S,TO,delta_beta_temporal_3_mu,0.05720551018064773
SIR-1S,TO,delta_beta_temporal_4_mu,0.038057650641795525
SIR-1S,TO,delta_beta_temporal_5_mu,0.020232427113407232
SIR-1S,TO,delta_beta_temporal_6_mu,-0.0006661250139638847
SIR-1S,TO,delta_beta_temporal_7_mu,-0.02858236249036433
SIR-1S,TO,delta_beta_temporal_8_mu,-0.08523523374034077
SIR-1S,TO,delta_beta_temporal_9_mu,-0.09880716046345923
SIR-1S,TO,delta_beta_temporal_10_mu,-0.0563860720732123
SIR-1S,TO,delta_beta_temporal_0_sigma,0.023296992800696848
SIR-1S,TO,delta_beta_temporal_1_sigma,0.038808080879183825
SIR-1S,TO,delta_beta_temporal_2_sigma,0.04515121860125824
SIR-1S,TO,delta_beta_temporal_3_sigma,0.045747232217031815
SIR-1S,TO,delta_beta_temporal_4_sigma,0.040043108695958465
SIR-1S,TO,delta_beta_temporal_5_sigma,0.0586486315600629
SIR-1S,TO,delta_beta_temporal_6_sigma,0.047109731536226364
SIR-1S,TO,delta_beta_temporal_7_sigma,0.03509180631987106
SIR-1S,TO,delta_beta_temporal_8_sigma,0.02964045354138878
SIR-1S,TO,delta_beta_temporal_9_sigma,0.0311776651582778
SIR-1S,TO,delta_beta_temporal_10_sigma,0.02549862644604694
