model,uf,parameter,2023-2024,2022-2023,2021-2022,2020-2021,2019-2020,2018-2019,2017-2018,2016-2017,2015-2016,2014-2015
SIR-1S,AC,rho_report,0.5,0.5,0.5,0.5,0.5,0.5,0.5,0.5,0.5,0.5
SIR-1S,AC,f_R,0.5,0.5,0.5,0.5,0.5,0.5,0.5,0.5,0.5,0.5
SIR-1S,AC,f_I,0.001,0.001,0.001,0.001,0.001,0.001,0.001,0.001,0.001,0.001
SIR-1S,AC,beta,0.3,0.3,0.3,0.3,0.3,0.3,0.3,0.3,0.3,0.3
SIR-1S,AC,delta_beta_temporal_0,0.01,0.01,0.01,0.01,0.01,0.01,0.01,0.01,0.01,0.01
SIR-1S,AC,delta_beta_temporal_1,0.01,0.01,0.01,0.01,0.01,0.01,0.01,0.01,0.01,0.01
SIR-1S,AC,delta_beta_temporal_2,0.01,0.01,0.01,0.01,0.01,0.01,0.01,0.01,0.01,0.01
SIR-1S,AC,delta_beta_temporal_3,0.01,0.01,0.01,0.01,0.01,0.01,0.01,0.01,0.01,0.01
SIR-1S,AC,delta_beta_temporal_4,0.01,0.01,0.01,0.01,0.01,0.01,0.01,0.01,0.01,0.01
SIR-1S,AC,delta_beta_temporal_5,0.01,0.01,0.01,0.01,0.01,0.01,0.01,0.01,0.01,0.01
SIR-1S,AC,delta_beta_temporal_6,0.01,0.01,0.01,0.01,0.01,0.01,0.01,0.01,0.01,0.01
SIR-1S,AC,delta_beta_temporal_7,0.01,0.01,0.01,0.01,0.01,0.01,0.01,0.01,0.01,0.01
SIR-1S,AC,delta_beta_temporal_8,0.01,0.01,0.01,0.01,0.01,0.01,0.01,0.01,0.01,0.01
SIR-1S,AC,delta_beta_temporal_9,0.01,0.01,0.01,0.01,0.01,0.01,0.01,0.01,0.01,0.01
SIR-1S,AC,delta_beta_temporal_10,0.01,0.01,0.01,0.01,0.01,0.01,0.01,0.01,0.01,0.01
SIR-1S,AL,rho_report,0.5,0.5,0.5,0.5,0.5,0.5,0.5,0.5,0.5,0.5
SIR-1S,AL,f_R,0.5,0.5,0.5,0.5,0.5,0.5,0.5,0.5,0.5,0.5
SIR-1S,AL,f_I,0.001,0.001,0.001,0.001,0.001,0.001,0.001,0.001,0.001,0.001
SIR-1S,AL,beta,0.3,0.3,0.3,0.3,0.3,0.3,0.3,0.3,0.3,0.3
SIR-1S,AL,delta_beta_temporal_0,0.01,0.01,0.01,0.01,0.01,0.01,0.01,0.01,0.01,0.01
SIR-1S,AL,delta_beta_temporal_1,0.01,0.01,0.01,0.01,0.01,0.01,0.01,0.01,0.01,0.01
SIR-1S,AL,delta_beta_temporal_2,0.01,0.01,0.01,0.01,0.01,0.01,0.01,0.01,0.01,0.01
SIR-1S,AL,delta_beta_temporal_3,0.01,0.01,0.01,0.01,0.01,0.01,0.01,0.01,0.01,0.01
SIR-1S,AL,delta_beta_temporal_4,0.01,0.01,0.01,0.01,0.01,0.01,0.01,0.01,0.01,0.01
SIR-1S,AL,delta_beta_temporal_5,0.01,0.01,0.01,0.01,0.01,0.01,0.01,0.01,0.01,0.01
SIR-1S,AL,delta_beta_temporal_6,0.01,0.01,0.01,0.01,0.01,0.01,0.01,0.01,0.01,0.01
SIR-1S,AL,delta_beta_temporal_7,0.01,0.01,0.01,0.01,0.01,0.01,0.01,0.01,0.01,0.01
SIR-1S,AL,delta_beta_temporal_8,0.01,0.01,0.01,0.01,0.01,0.01,0.01,0.01,0.01,0.01
SIR-1S,AL,delta_beta_temporal_9,0.01,0.01,0.01,0.01,0.01,0.01,0.01,0.01,0.01,0.01
SIR-1S,AL,delta_beta_temporal_10,0.01,0.01,0.01,0.01,0.01,0.01,0.01,0.01,0.01,0.01
SIR-1S,AM,rho_report,0.5,0.5,0.5,0.5,0.5,0.5,0.5,0.5,0.5,0.5
SIR-1S,AM,f_R,0.5,0.5,0.5,0.5,0.5,0.5,0.5,0.5,0.5,0.5
SIR-1S,AM,f_I,0.001,0.001,0.001,0.001,0.001,0.001,0.001,0.001,0.001,0.001
SIR-1S,AM,beta,0.3,0.3,0.3,0.3,0.3,0.3,0.3,0.3,0.3,0.3
SIR-1S,AM,delta_beta_temporal_0,0.01,0.01,0.01,0.01,0.01,0.01,0.01,0.01,0.01,0.01
SIR-1S,AM,delta_beta_temporal_1,0.01,0.01,0.01,0.01,0.01,0.01,0.01,0.01,0.01,0.01
SIR-1S,AM,delta_beta_temporal_2,0.01,0.01,0.01,0.01,0.01,0.01,0.01,0.01,0.01,0.01
SIR-1S,AM,delta_beta_temporal_3,0.01,0.01,0.01,0.01,0.01,0.01,0.01,0.01,0.01,0.01
SIR-1S,AM,delta_beta_temporal_4,0.01,0.01,0.01,0.01,0.01,0.01,0.01,0.01,0.01,0.01
SIR-1S,AM,delta_beta_temporal_5,0.01,0.01,0.01,0.01,0.01,0.01,0.01,0.01,0.01,0.01
SIR-1S,AM,delta_beta_temporal_6,0.01,0.01,0.01,0.01,0.01,0.01,0.01,0.01,0.01,0.01
SIR-1S,AM,delta_beta_temporal_7,0.01,0.01,0.01,0.01,0.01,0.01,0.01,0.01,0.01,0.01
SIR-1S,AM,delta_beta_temporal_8,0.01,0.01,0.01,0.01,0.01,0.01,0.01,0.01,0.01,0.01
SIR-1S,AM,delta_beta_temporal_9,0.01,0.01,0.01,0.01,0.01,0.01,0.01,0.01,0.01,0.01
SIR-1S,AM,delta_beta_temporal_10,0.01,0.01,0.01,0.01,0.01,0.01,0.01,0.01,0.01,0.01
SIR-1S,AP,rho_report,0.5,0.5,0.5,0.5,0.5,0.5,0.5,0.5,0.5,0.5
SIR-1S,AP,f_R,0.5,0.5,0.5,0.5,0.5,0.5,0.5,0.5,0.5,0.5
SIR-1S,AP,f_I,0.001,0.001,0.001,0.001,0.001,0.001,0.001,0.001,0.001,0.001
SIR-1S,AP,beta,0.3,0.3,0.3,0.3,0.3,0.3,0.3,0.3,0.3,0.3
SIR-1S,AP,delta_beta_temporal_0,0.01,0.01,0.01,0.01,0.01,0.01,0.01,0.01,0.01,0.01
SIR-1S,AP,delta_beta_temporal_1,0.01,0.01,0.01,0.01,0.01,0.01,0.01,0.01,0.01,0.01
SIR-1S,AP,delta_beta_temporal_2,0.01,0.01,0.01,0.01,0.01,0.01,0.01,0.01,0.01,0.01
SIR-1S,AP,delta_beta_temporal_3,0.01,0.01,0.01,0.01,0.01,0.01,0.01,0.01,0.01,0.01
SIR-1S,AP,delta_beta_temporal_4,0.01,0.01,0.01,0.01,0.01,0.01,0.01,0.01,0.01,0.01
SIR-1S,AP,delta_beta_temporal_5,0.01,0.01,0.01,0.01,0.01,0.01,0.01,0.01,0.01,0.01
SIR-1S,AP,delta_beta_temporal_6,0.01,0.01,0.01,0.01,0.01,0.01,0.01,0.01,0.01,0.01
SIR-1S,AP,delta_beta_temporal_7,0.01,0.01,0.01,0.01,0.01,0.01,0.01,0.01,0.01,0.01
SIR-1S,AP,delta_beta_temporal_8,0.01,0.01,0.01,0.01,0.01,0.01,0.01,0.01,0.01,0.01
SIR-1S,AP,delta_beta_temporal_9,0.01,0.01,0.01,0.01,0.01,0.01,0.01,0.01,0.01,0.01
SIR-1S,AP,delta_beta_temporal_10,0.01,0.01,0.01,0.01,0.01,0.01,0.01,0.01,0.01,0.01
SIR-1S,BA,rho_report,0.5,0.5,0.5,0.5,0.5,0.5,0.5,0.5,0.5,0.5
SIR-1S,BA,f_R,0.5,0.5,0.5,0.5,0.5,0.5,0.5,0.5,0.5,0.5
SIR-1S,BA,f_I,0.001,0.001,0.001,0.001,0.001,0.001,0.001,0.001,0.001,0.001
SIR-1S,BA,beta,0.3,0.3,0.3,0.3,0.3,0.3,0.3,0.3,0.3,0.3
SIR-1S,BA,delta_beta_temporal_0,0.01,0.01,0.01,0.01,0.01,0.01,0.01,0.01,0.01,0.01
SIR-1S,BA,delta_beta_temporal_1,0.01,0.01,0.01,0.01,0.01,0.01,0.01,0.01,0.01,0.01
SIR-1S,BA,delta_beta_temporal_2,0.01,0.01,0.01,0.01,0.01,0.01,0.01,0.01,0.01,0.01
SIR-1S,BA,delta_beta_temporal_3,0.01,0.01,0.01,0.01,0.01,0.01,0.01,0.01,0.01,0.01
SIR-1S,BA,delta_beta_temporal_4,0.01,0.01,0.01,0.01,0.01,0.01,0.01,0.01,0.01,0.01
SIR-1S,BA,delta_beta_temporal_5,0.01,0.01,0.01,0.01,0.01,0.01,0.01,0.01,0.01,0.01
SIR-1S,BA,delta_beta_temporal_6,0.01,0.01,0.01,0.01,0.01,0.01,0.01,0.01,0.01,0.01
SIR-1S,BA,delta_beta_temporal_7,0.01,0.01,0.01,0.01,0.01,0.01,0.01,0.01,0.01,0.01
SIR-1S,BA,delta_beta_temporal_8,0.01,0.01,0.01,0.01,0.01,0.01,0.01,0.01,0.01,0.01
SIR-1S,BA,delta_beta_temporal_9,0.01,0.01,0.01,0.01,0.01,0.01,0.01,0.01,0.01,0.01
SIR-1S,BA,delta_beta_temporal_10,0.01,0.01,0.01,0.01,0.01,0.01,0.01,0.01,0.01,0.01
SIR-1S,CE,rho_report,0.5,0.5,0.5,0.5,0.5,0.5,0.5,0.5,0.5,0.5
SIR-1S,CE,f_R,0.5,0.5,0.5,0.5,0.5,0.5,0.5,0.5,0.5,0.5
SIR-1S,CE,f_I,0.001,0.001,0.001,0.001,0.001,0.001,0.001,0.001,0.001,0.001
SIR-1S,CE,beta,0.3,0.3,0.3,0.3,0.3,0.3,0.3,0.3,0.3,0.3
SIR-1S,CE,delta_beta_temporal_0,0.01,0.01,0.01,0.01,0.01,0.01,0.01,0.01,0.01,0.01
SIR-1S,CE,delta_beta_temporal_1,0.01,0.01,0.01,0.01,0.01,0.01,0.01,0.01,0.01,0.01
SIR-1S,CE,delta_beta_temporal_2,0.01,0.01,0.01,0.01,0.01,0.01,0.01,0.01,0.01,0.01
SIR-1S,CE,delta_beta_temporal_3,0.01,0.01,0.01,0.01,0.01,0.01,0.01,0.01,0.01,0.01
SIR-1S,CE,delta_beta_temporal_4,0.01,0.01,0.01,0.01,0.01,0.01,0.01,0.01,0.01,0.01
SIR-1S,CE,delta_beta_temporal_5,0.01,0.01,0.01,0.01,0.01,0.01,0.01,0.01,0.01,0.01
SIR-1S,CE,delta_beta_temporal_6,0.01,0.01,0.01,0.01,0.01,0.01,0.01,0.01,0.01,0.01
SIR-1S,CE,delta_beta_temporal_7,0.01,0.01,0.01,0.01,0.01,0.01,0.01,0.01,0.01,0.01
SIR-1S,CE,delta_beta_temporal_8,0.01,0.01,0.01,0.01,0.01,0.01,0.01,0.01,0.01,0.01
SIR-1S,CE,delta_beta_temporal_9,0.01,0.01,0.01,0.01,0.01,0.01,0.01,0.01,0.01,0.01
SIR-1S,CE,delta_beta_temporal_10,0.01,0.01,0.01,0.01,0.01,0.01,0.01,0.01,0.01,0.01
SIR-1S,DF,rho_report,0.5,0.5,0.5,0.5,0.5,0.5,0.5,0.5,0.5,0.5
SIR-1S,DF,f_R,0.5,0.5,0.5,0.5,0.5,0.5,0.5,0.5,0.5,0.5
SIR-1S,DF,f_I,0.001,0.001,0.001,0.001,0.001,0.001,0.001,0.001,0.001,0.001
SIR-1S,DF,beta,0.3,0.3,0.3,0.3,0.3,0.3,0.3,0.3,0.3,0.3
SIR-1S,DF,delta_beta_temporal_0,0.01,0.01,0.01,0.01,0.01,0.01,0.01,0.01,0.01,0.01
SIR-1S,DF,delta_beta_temporal_1,0.01,0.01,0.01,0.01,0.01,0.01,0.01,0.01,0.01,0.01
SIR-1S,DF,delta_beta_temporal_2,0.01,0.01,0.01,0.01,0.01,0.01,0.01,0.01,0.01,0.01
SIR-1S,DF,delta_beta_temporal_3,0.01,0.01,0.01,0.01,0.01,0.01,0.01,0.01,0.01,0.01
SIR-1S,DF,delta_beta_temporal_4,0.01,0.01,0.01,0.01,0.01,0.01,0.01,0.01,0.01,0.01
SIR-1S,DF,delta_beta_temporal_5,0.01,0.01,0.01,0.01,0.01,0.01,0.01,0.01,0.01,0.01
SIR-1S,DF,delta_beta_temporal_6,0.01,0.01,0.01,0.01,0.01,0.01,0.01,0.01,0.01,0.01
SIR-1S,DF,delta_beta_temporal_7,0.01,0.01,0.01,0.01,0.01,0.01,0.01,0.01,0.01,0.01
SIR-1S,DF,delta_beta_temporal_8,0.01,0.01,0.01,0.01,0.01,0.01,0.01,0.01,0.01,0.01
SIR-1S,DF,delta_beta_temporal_9,0.01,0.01,0.01,0.01,0.01,0.01,0.01,0.01,0.01,0.01
SIR-1S,DF,delta_beta_temporal_10,0.01,0.01,0.01,0.01,0.01,0.01,0.01,0.01,0.01,0.01
SIR-1S,ES,rho_report,0.5,0.5,0.5,0.5,0.5,0.5,0.5,0.5,0.5,0.5
SIR-1S,ES,f_R,0.5,0.5,0.5,0.5,0.5,0.5,0.5,0.5,0.5,0.5
SIR-1S,ES,f_I,0.001,0.001,0.001,0.001,0.001,0.001,0.001,0.001,0.001,0.001
SIR-1S,ES,beta,0.3,0.3,0.3,0.3,0.3,0.3,0.3,0.3,0.3,0.3
SIR-1S,ES,delta_beta_temporal_0,0.01,0.01,0.01,0.01,0.01,0.01,0.01,0.01,0.01,0.01
SIR-1S,ES,delta_beta_temporal_1,0.01,0.01,0.01,0.01,0.01,0.01,0.01,0.01,0.01,0.01
SIR-1S,ES,delta_beta_temporal_2,0.01,0.01,0.01,0.01,0.01,0.01,0.01,0.01,0.01,0.01
SIR-1S,ES,delta_beta_temporal_3,0.01,0.01,0.01,0.01,0.01,0.01,0.01,0.01,0.01,0.01
SIR-1S,ES,delta_beta_temporal_4,0.01,0.01,0.01,0.01,0.01,0.01,0.01,0.01,0.01,0.01
SIR-1S,ES,delta_beta_temporal_5,0.01,0.01,0.01,0.01,0.01,0.01,0.01,0.01,0.01,0.01
SIR-1S,ES,delta_beta_temporal_6,0.01,0.01,0.01,0.01,0.01,0.01,0.01,0.01,0.01,0.01
SIR-1S,ES,delta_beta_temporal_7,0.01,0.01,0.01,0.01,0.01,0.01,0.01,0.01,0.01,0.01
SIR-1S,ES,delta_beta_temporal_8,0.01,0.01,0.01,0.01,0.01,0.01,0.01,0.01,0.01,0.01
SIR-1S,ES,delta_beta_temporal_9,0.01,0.01,0.01,0.01,0.01,0.01,0.01,0.01,0.01,0.01
SIR-1S,ES,delta_beta_temporal_10,0.01,0.01,0.01,0.01,0.01,0.01,0.01,0.01,0.01,0.01
SIR-1S,GO,rho_report,0.5,0.5,0.5,0.5,0.5,0.5,0.5,0.5,0.5,0.5
SIR-1S,GO,f_R,0.5,0.5,0.5,0.5,0.5,0.5,0.5,0.5,0.5,0.5
SIR-1S,GO,f_I,0.001,0.001,0.001,0.001,0.001,0.001,0.001,0.001,0.001,0.001
SIR-1S,GO,beta,0.3,0.3,0.3,0.3,0.3,0.3,0.3,0.3,0.3,0.3
SIR-1S,GO,delta_beta_temporal_0,0.01,0.01,0.01,0.01,0.01,0.01,0.01,0.01,0.01,0.01
SIR-1S,GO,delta_beta_temporal_1,0.01,0.01,0.01,0.01,0.01,0.01,0.01,0.01,0.01,0.01
SIR-1S,GO,delta_beta_temporal_2,0.01,0.01,0.01,0.01,0.01,0.01,0.01,0.01,0.01,0.01
SIR-1S,GO,delta_beta_temporal_3,0.01,0.01,0.01,0.01,0.01,0.01,0.01,0.01,0.01,0.01
SIR-1S,GO,delta_beta_temporal_4,0.01,0.01,0.01,0.01,0.01,0.01,0.01,0.01,0.01,0.01
SIR-1S,GO,delta_beta_temporal_5,0.01,0.01,0.01,0.01,0.01,0.01,0.01,0.01,0.01,0.01
SIR-1S,GO,delta_beta_temporal_6,0.01,0.01,0.01,0.01,0.01,0.01,0.01,0.01,0.01,0.01
SIR-1S,GO,delta_beta_temporal_7,0.01,0.01,0.01,0.01,0.01,0.01,0.01,0.01,0.01,0.01
SIR-1S,GO,delta_beta_temporal_8,0.01,0.01,0.01,0.01,0.01,0.01,0.01,0.01,0.01,0.01
SIR-1S,GO,delta_beta_temporal_9,0.01,0.01,0.01,0.01,0.01,0.01,0.01,0.01,0.01,0.01
SIR-1S,GO,delta_beta_temporal_10,0.01,0.01,0.01,0.01,0.01,0.01,0.01,0.01,0.01,0.01
SIR-1S,MA,rho_report,0.5,0.5,0.5,0.5,0.5,0.5,0.5,0.5,0.5,0.5
SIR-1S,MA,f_R,0.5,0.5,0.5,0.5,0.5,0.5,0.5,0.5,0.5,0.5
SIR-1S,MA,f_I,0.001,0.001,0.001,0.001,0.001,0.001,0.001,0.001,0.001,0.001
SIR-1S,MA,beta,0.3,0.3,0.3,0.3,0.3,0.3,0.3,0.3,0.3,0.3
SIR-1S,MA,delta_beta_temporal_0,0.01,0.01,0.01,0.01,0.01,0.01,0.01,0.01,0.01,0.01
SIR-1S,MA,delta_beta_temporal_1,0.01,0.01,0.01,0.01,0.01,0.01,0.01,0.01,0.01,0.01
SIR-1S,MA,delta_beta_temporal_2,0.01,0.01,0.01,0.01,0.01,0.01,0.01,0.01,0.01,0.01
SIR-1S,MA,delta_beta_temporal_3,0.01,0.01,0.01,0.01,0.01,0.01,0.01,0.01,0.01,0.01
SIR-1S,MA,delta_beta_temporal_4,0.01,0.01,0.01,0.01,0.01,0.01,0.01,0.01,0.01,0.01
SIR-1S,MA,delta_beta_temporal_5,0.01,0.01,0.01,0.01,0.01,0.01,0.01,0.01,0.01,0.01
SIR-1S,MA,delta_beta_temporal_6,0.01,0.01,0.01,0.01,0.01,0.01,0.01,0.01,0.01,0.01
SIR-1S,MA,delta_beta_temporal_7,0.01,0.01,0.01,0.01,0.01,0.01,0.01,0.01,0.01,0.01
SIR-1S,MA,delta_beta_temporal_8,0.01,0.01,0.01,0.01,0.01,0.01,0.01,0.01,0.01,0.01
SIR-1S,MA,delta_beta_temporal_9,0.01,0.01,0.01,0.01,0.01,0.01,0.01,0.01,0.01,0.01
SIR-1S,MA,delta_beta_temporal_10,0.01,0.01,0.01,0.01,0.01,0.01,0.01,0.01,0.01,0.01
SIR-1S,MG,rho_report,0.5,0.5,0.5,0.5,0.5,0.5,0.5,0.5,0.5,0.5
SIR-1S,MG,f_R,0.5,0.5,0.5,0.5,0.5,0.5,0.5,0.5,0.5,0.5
SIR-1S,MG,f_I,0.001,0.001,0.001,0.001,0.001,0.001,0.001,0.001,0.001,0.001
SIR-1S,MG,beta,0.3,0.3,0.3,0.3,0.3,0.3,0.3,0.3,0.3,0.3
SIR-1S,MG,delta_beta_temporal_0,0.01,0.01,0.01,0.01,0.01,0.01,0.01,0.01,0.01,0.01
SIR-1S,MG,delta_beta_temporal_1,0.01,0.01,0.01,0.01,0.01,0.01,0.01,0.01,0.01,0.01
SIR-1S,MG,delta_beta_temporal_2,0.01,0.01,0.01,0.01,0.01,0.01,0.01,0.01,0.01,0.01
SIR-1S,MG,delta_beta_temporal_3,0.01,0.01,0.01,0.01,0.01,0.01,0.01,0.01,0.01,0.01
SIR-1S,MG,delta_beta_temporal_4,0.01,0.01,0.01,0.01,0.01,0.01,0.01,0.01,0.01,0.01
SIR-1S,MG,delta_beta_temporal_5,0.01,0.01,0.01,0.01,0.01,0.01,0.01,0.01,0.01,0.01
SIR-1S,MG,delta_beta_temporal_6,0.01,0.01,0.01,0.01,0.01,0.01,0.01,0.01,0.01,0.01
SIR-1S,MG,delta_beta_temporal_7,0.01,0.01,0.01,0.01,0.01,0.01,0.01,0.01,0.01,0.01
SIR-1S,MG,delta_beta_temporal_8,0.01,0.01,0.01,0.01,0.01,0.01,0.01,0.01,0.01,0.01
SIR-1S,MG,delta_beta_temporal_9,0.01,0.01,0.01,0.01,0.01,0.01,0.01,0.01,0.01,0.01
SIR-1S,MG,delta_beta_temporal_10,0.01,0.01,0.01,0.01,0.01,0.01,0.01,0.01,0.01,0.01
SIR-1S,MS,rho_report,0.5,0.5,0.5,0.5,0.5,0.5,0.5,0.5,0.5,0.5
SIR-1S,MS,f_R,0.5,0.5,0.5,0.5,0.5,0.5,0.5,0.5,0.5,0.5
SIR-1S,MS,f_I,0.001,0.001,0.001,0.001,0.001,0.001,0.001,0.001,0.001,0.001
SIR-1S,MS,beta,0.3,0.3,0.3,0.3,0.3,0.3,0.3,0.3,0.3,0.3
SIR-1S,MS,delta_beta_temporal_0,0.01,0.01,0.01,0.01,0.01,0.01,0.01,0.01,0.01,0.01
SIR-1S,MS,delta_beta_temporal_1,0.01,0.01,0.01,0.01,0.01,0.01,0.01,0.01,0.01,0.01
SIR-1S,MS,delta_beta_temporal_2,0.01,0.01,0.01,0.01,0.01,0.01,0.01,0.01,0.01,0.01
SIR-1S,MS,delta_beta_temporal_3,0.01,0.01,0.01,0.01,0.01,0.01,0.01,0.01,0.01,0.01
SIR-1S,MS,delta_beta_temporal_4,0.01,0.01,0.01,0.01,0.01,0.01,0.01,0.01,0.01,0.01
SIR-1S,MS,delta_beta_temporal_5,0.01,0.01,0.01,0.01,0.01,0.01,0.01,0.01,0.01,0.01
SIR-1S,MS,delta_beta_temporal_6,0.01,0.01,0.01,0.01,0.01,0.01,0.01,0.01,0.01,0.01
SIR-1S,MS,delta_beta_temporal_7,0.01,0.01,0.01,0.01,0.01,0.01,0.01,0.01,0.01,0.01
SIR-1S,MS,delta_beta_temporal_8,0.01,0.01,0.01,0.01,0.01,0.01,0.01,0.01,0.01,0.01
SIR-1S,MS,delta_beta_temporal_9,0.01,0.01,0.01,0.01,0.01,0.01,0.01,0.01,0.01,0.01
SIR-1S,MS,delta_beta_temporal_10,0.01,0.01,0.01,0.01,0.01,0.01,0.01,0.01,0.01,0.01
SIR-1S,MT,rho_report,0.5,0.5,0.5,0.5,0.5,0.5,0.5,0.5,0.5,0.5
SIR-1S,MT,f_R,0.5,0.5,0.5,0.5,0.5,0.5,0.5,0.5,0.5,0.5
SIR-1S,MT,f_I,0.001,0.001,0.001,0.001,0.001,0.001,0.001,0.001,0.001,0.001
SIR-1S,MT,beta,0.3,0.3,0.3,0.3,0.3,0.3,0.3,0.3,0.3,0.3
SIR-1S,MT,delta_beta_temporal_0,0.01,0.01,0.01,0.01,0.01,0.01,0.01,0.01,0.01,0.01
SIR-1S,MT,delta_beta_temporal_1,0.01,0.01,0.01,0.01,0.01,0.01,0.01,0.01,0.01,0.01
SIR-1S,MT,delta_beta_temporal_2,0.01,0.01,0.01,0.01,0.01,0.01,0.01,0.01,0.01,0.01
SIR-1S,MT,delta_beta_temporal_3,0.01,0.01,0.01,0.01,0.01,0.01,0.01,0.01,0.01,0.01
SIR-1S,MT,delta_beta_temporal_4,0.01,0.01,0.01,0.01,0.01,0.01,0.01,0.01,0.01,0.01
SIR-1S,MT,delta_beta_temporal_5,0.01,0.01,0.01,0.01,0.01,0.01,0.01,0.01,0.01,0.01
SIR-1S,MT,delta_beta_temporal_6,0.01,0.01,0.01,0.01,0.01,0.01,0.01,0.01,0.01,0.01
SIR-1S,MT,delta_beta_temporal_7,0.01,0.01,0.01,0.01,0.01,0.01,0.01,0.01,0.01,0.01
SIR-1S,MT,delta_beta_temporal_8,0.01,0.01,0.01,0.01,0.01,0.01,0.01,0.01,0.01,0.01
SIR-1S,MT,delta_beta_temporal_9,0.01,0.01,0.01,0.01,0.01,0.01,0.01,0.01,0.01,0.01
SIR-1S,MT,delta_beta_temporal_10,0.01,0.01,0.01,0.01,0.01,0.01,0.01,0.01,0.01,0.01
SIR-1S,PA,rho_report,0.5,0.5,0.5,0.5,0.5,0.5,0.5,0.5,0.5,0.5
SIR-1S,PA,f_R,0.5,0.5,0.5,0.5,0.5,0.5,0.5,0.5,0.5,0.5
SIR-1S,PA,f_I,0.001,0.001,0.001,0.001,0.001,0.001,0.001,0.001,0.001,0.001
SIR-1S,PA,beta,0.3,0.3,0.3,0.3,0.3,0.3,0.3,0.3,0.3,0.3
SIR-1S,PA,delta_beta_temporal_0,0.01,0.01,0.01,0.01,0.01,0.01,0.01,0.01,0.01,0.01
SIR-1S,PA,delta_beta_temporal_1,0.01,0.01,0.01,0.01,0.01,0.01,0.01,0.01,0.01,0.01
SIR-1S,PA,delta_beta_temporal_2,0.01,0.01,0.01,0.01,0.01,0.01,0.01,0.01,0.01,0.01
SIR-1S,PA,delta_beta_temporal_3,0.01,0.01,0.01,0.01,0.01,0.01,0.01,0.01,0.01,0.01
SIR-1S,PA,delta_beta_temporal_4,0.01,0.01,0.01,0.01,0.01,0.01,0.01,0.01,0.01,0.01
SIR-1S,PA,delta_beta_temporal_5,0.01,0.01,0.01,0.01,0.01,0.01,0.01,0.01,0.01,0.01
SIR-1S,PA,delta_beta_temporal_6,0.01,0.01,0.01,0.01,0.01,0.01,0.01,0.01,0.01,0.01
SIR-1S,PA,delta_beta_temporal_7,0.01,0.01,0.01,0.01,0.01,0.01,0.01,0.01,0.01,0.01
SIR-1S,PA,delta_beta_temporal_8,0.01,0.01,0.01,0.01,0.01,0.01,0.01,0.01,0.01,0.01
SIR-1S,PA,delta_beta_temporal_9,0.01,0.01,0.01,0.01,0.01,0.01,0.01,0.01,0.01,0.01
SIR-1S,PA,delta_beta_temporal_10,0.01,0.01,0.01,0.01,0.01,0.01,0.01,0.01,0.01,0.01
SIR-1S,PB,rho_report,0.5,0.5,0.5,0.5,0.5,0.5,0.5,0.5,0.5,0.5
SIR-1S,PB,f_R,0.5,0.5,0.5,0.5,0.5,0.5,0.5,0.5,0.5,0.5
SIR-1S,PB,f_I,0.001,0.001,0.001,0.001,0.001,0.001,0.001,0.001,0.001,0.001
SIR-1S,PB,beta,0.3,0.3,0.3,0.3,0.3,0.3,0.3,0.3,0.3,0.3
SIR-1S,PB,delta_beta_temporal_0,0.01,0.01,0.01,0.01,0.01,0.01,0.01,0.01,0.01,0.01
SIR-1S,PB,delta_beta_temporal_1,0.01,0.01,0.01,0.01,0.01,0.01,0.01,0.01,0.01,0.01
SIR-1S,PB,delta_beta_temporal_2,0.01,0.01,0.01,0.01,0.01,0.01,0.01,0.01,0.01,0.01
SIR-1S,PB,delta_beta_temporal_3,0.01,0.01,0.01,0.01,0.01,0.01,0.01,0.01,0.01,0.01
SIR-1S,PB,delta_beta_temporal_4,0.01,0.01,0.01,0.01,0.01,0.01,0.01,0.01,0.01,0.01
SIR-1S,PB,delta_beta_temporal_5,0.01,0.01,0.01,0.01,0.01,0.01,0.01,0.01,0.01,0.01
SIR-1S,PB,delta_beta_temporal_6,0.01,0.01,0.01,0.01,0.01,0.01,0.01,0.01,0.01,0.01
SIR-1S,PB,delta_beta_temporal_7,0.01,0.01,0.01,0.01,0.01,0.01,0.01,0.01,0.01,0.01
SIR-1S,PB,delta_beta_temporal_8,0.01,0.01,0.01,0.01,0.01,0.01,0.01,0.01,0.01,0.01
SIR-1S,PB,delta_beta_temporal_9,0.01,0.01,0.01,0.01,0.01,0.01,0.01,0.01,0.01,0.01
SIR-1S,PB,delta_beta_temporal_10,0.01,0.01,0.01,0.01,0.01,0.01,0.01,0.01,0.01,0.01
SIR-1S,PE,rho_report,0.5,0.5,0.5,0.5,0.5,0.5,0.5,0.5,0.5,0.5
SIR-1S,PE,f_R,0.5,0.5,0.5,0.5,0.5,0.5,0.5,0.5,0.5,0.5
SIR-1S,PE,f_I,0.001,0.001,0.001,0.001,0.001,0.001,0.001,0.001,0.001,0.001
SIR-1S,PE,beta,0.3,0.3,0.3,0.3,0.3,0.3,0.3,0.3,0.3,0.3
SIR-1S,PE,delta_beta_temporal_0,0.01,0.01,0.01,0.01,0.01,0.01,0.01,0.01,0.01,0.01
SIR-1S,PE,delta_beta_temporal_1,0.01,0.01,0.01,0.01,0.01,0.01,0.01,0.01,0.01,0.01
SIR-1S,PE,delta_beta_temporal_2,0.01,0.01,0.01,0.01,0.01,0.01,0.01,0.01,0.01,0.01
SIR-1S,PE,delta_beta_temporal_3,0.01,0.01,0.01,0.01,0.01,0.01,0.01,0.01,0.01,0.01
SIR-1S,PE,delta_beta_temporal_4,0.01,0.01,0.01,0.01,0.01,0.01,0.01,0.01,0.01,0.01
SIR-1S,PE,delta_beta_temporal_5,0.01,0.01,0.01,0.01,0.01,0.01,0.01,0.01,0.01,0.01
SIR-1S,PE,delta_beta_temporal_6,0.01,0.01,0.01,0.01,0.01,0.01,0.01,0.01,0.01,0.01
SIR-1S,PE,delta_beta_temporal_7,0.01,0.01,0.01,0.01,0.01,0.01,0.01,0.01,0.01,0.01
SIR-1S,PE,delta_beta_temporal_8,0.01,0.01,0.01,0.01,0.01,0.01,0.01,0.01,0.01,0.01
SIR-1S,PE,delta_beta_temporal_9,0.01,0.01,0.01,0.01,0.01,0.01,0.01,0.01,0.01,0.01
SIR-1S,PE,delta_beta_temporal_10,0.01,0.01,0.01,0.01,0.01,0.01,0.01,0.01,0.01,0.01
SIR-1S,PI,rho_report,0.5,0.5,0.5,0.5,0.5,0.5,0.5,0.5,0.5,0.5
SIR-1S,PI,f_R,0.5,0.5,0.5,0.5,0.5,0.5,0.5,0.5,0.5,0.5
SIR-1S,PI,f_I,0.001,0.001,0.001,0.001,0.001,0.001,0.001,0.001,0.001,0.001
SIR-1S,PI,beta,0.3,0.3,0.3,0.3,0.3,0.3,0.3,0.3,0.3,0.3
SIR-1S,PI,delta_beta_temporal_0,0.01,0.01,0.01,0.01,0.01,0.01,0.01,0.01,0.01,0.01
SIR-1S,PI,delta_beta_temporal_1,0.01,0.01,0.01,0.01,0.01,0.01,0.01,0.01,0.01,0.01
SIR-1S,PI,delta_beta_temporal_2,0.01,0.01,0.01,0.01,0.01,0.01,0.01,0.01,0.01,0.01
SIR-1S,PI,delta_beta_temporal_3,0.01,0.01,0.01,0.01,0.01,0.01,0.01,0.01,0.01,0.01
SIR-1S,PI,delta_beta_temporal_4,0.01,0.01,0.01,0.01,0.01,0.01,0.01,0.01,0.01,0.01
SIR-1S,PI,delta_beta_temporal_5,0.01,0.01,0.01,0.01,0.01,0.01,0.01,0.01,0.01,0.01
SIR-1S,PI,delta_beta_temporal_6,0.01,0.01,0.01,0.01,0.01,0.01,0.01,0.01,0.01,0.01
SIR-1S,PI,delta_beta_temporal_7,0.01,0.01,0.01,0.01,0.01,0.01,0.01,0.01,0.01,0.01
SIR-1S,PI,delta_beta_temporal_8,0.01,0.01,0.01,0.01,0.01,0.01,0.01,0.01,0.01,0.01
SIR-1S,PI,delta_beta_temporal_9,0.01,0.01,0.01,0.01,0.01,0.01,0.01,0.01,0.01,0.01
SIR-1S,PI,delta_beta_temporal_10,0.01,0.01,0.01,0.01,0.01,0.01,0.01,0.01,0.01,0.01
SIR-1S,PR,rho_report,0.5,0.5,0.5,0.5,0.5,0.5,0.5,0.5,0.5,0.5
SIR-1S,PR,f_R,0.5,0.5,0.5,0.5,0.5,0.5,0.5,0.5,0.5,0.5
SIR-1S,PR,f_I,0.001,0.001,0.001,0.001,0.001,0.001,0.001,0.001,0.001,0.001
SIR-1S,PR,beta,0.3,0.3,0.3,0.3,0.3,0.3,0.3,0.3,0.3,0.3
SIR-1S,PR,delta_beta_temporal_0,0.01,0.01,0.01,0.01,0.01,0.01,0.01,0.01,0.01,0.01
SIR-1S,PR,delta_beta_temporal_1,0.01,0.01,0.01,0.01,0.01,0.01,0.01,0.01,0.01,0.01
SIR-1S,PR,delta_beta_temporal_2,0.01,0.01,0.01,0.01,0.01,0.01,0.01,0.01,0.01,0.01
SIR-1S,PR,delta_beta_temporal_3,0.01,0.01,0.01,0.01,0.01,0.01,0.01,0.01,0.01,0.01
SIR-1S,PR,delta_beta_temporal_4,0.01,0.01,0.01,0.01,0.01,0.01,0.01,0.01,0.01,0.01
SIR-1S,PR,delta_beta_temporal_5,0.01,0.01,0.01,0.01,0.01,0.01,0.01,0.01,0.01,0.01
SIR-1S,PR,delta_beta_temporal_6,0.01,0.01,0.01,0.01,0.01,0.01,0.01,0.01,0.01,0.01
SIR-1S,PR,delta_beta_temporal_7,0.01,0.01,0.01,0.01,0.01,0.01,0.01,0.01,0.01,0.01
SIR-1S,PR,delta_beta_temporal_8,0.01,0.01,0.01,0.01,0.01,0.01,0.01,0.01,0.01,0.01
SIR-1S,PR,delta_beta_temporal_9,0.01,0.01,0.01,0.01,0.01,0.01,0.01,0.01,0.01,0.01
SIR-1S,PR,delta_beta_temporal_10,0.01,0.01,0.01,0.01,0.01,0.01,0.01,0.01,0.01,0.01
SIR-1S,RJ,rho_report,0.5,0.5,0.5,0.5,0.5,0.5,0.5,0.5,0.5,0.5
SIR-1S,RJ,f_R,0.5,0.5,0.5,0.5,0.5,0.5,0.5,0.5,0.5,0.5
SIR-1S,RJ,f_I,0.001,0.001,0.001,0.001,0.001,0.001,0.001,0.001,0.001,0.001
SIR-1S,RJ,beta,0.3,0.3,0.3,0.3,0.3,0.3,0.3,0.3,0.3,0.3
SIR-1S,RJ,delta_beta_temporal_0,0.01,0.01,0.01,0.01,0.01,0.01,0.01,0.01,0.01,0.01
SIR-1S,RJ,delta_beta_temporal_1,0.01,0.01,0.01,0.01,0.01,0.01,0.01,0.01,0.01,0.01
SIR-1S,RJ,delta_beta_temporal_2,0.01,0.01,0.01,0.01,0.01,0.01,0.01,0.01,0.01,0.01
SIR-1S,RJ,delta_beta_temporal_3,0.01,0.01,0.01,0.01,0.01,0.01,0.01,0.01,0.01,0.01
SIR-1S,RJ,delta_beta_temporal_4,0.01,0.01,0.01,0.01,0.01,0.01,0.01,0.01,0.01,0.01
SIR-1S,RJ,delta_beta_temporal_5,0.01,0.01,0.01,0.01,0.01,0.01,0.01,0.01,0.01,0.01
SIR-1S,RJ,delta_beta_temporal_6,0.01,0.01,0.01,0.01,0.01,0.01,0.01,0.01,0.01,0.01
SIR-1S,RJ,delta_beta_temporal_7,0.01,0.01,0.01,0.01,0.01,0.01,0.01,0.01,0.01,0.01
SIR-1S,RJ,delta_beta_temporal_8,0.01,0.01,0.01,0.01,0.01,0.01,0.01,0.01,0.01,0.01
SIR-1S,RJ,delta_beta_temporal_9,0.01,0.01,0.01,0.01,0.01,0.01,0.01,0.01,0.01,0.01
SIR-1S,RJ,delta_beta_temporal_10,0.01,0.01,0.01,0.01,0.01,0.01,0.01,0.01,0.01,0.01
SIR-1S,RN,rho_report,0.5,0.5,0.5,0.5,0.5,0.5,0.5,0.5,0.5,0.5
SIR-1S,RN,f_R,0.5,0.5,0.5,0.5,0.5,0.5,0.5,0.5,0.5,0.5
SIR-1S,RN,f_I,0.001,0.001,0.001,0.001,0.001,0.001,0.001,0.001,0.001,0.001
SIR-1S,RN,beta,0.3,0.3,0.3,0.3,0.3,0.3,0.3,0.3,0.3,0.3
SIR-1S,RN,delta_beta_temporal_0,0.01,0.01,0.01,0.01,0.01,0.01,0.01,0.01,0.01,0.01
SIR-1S,RN,delta_beta_temporal_1,0.01,0.01,0.01,0.01,0.01,0.01,0.01,0.01,0.01,0.01
SIR-1S,RN,delta_beta_temporal_2,0.01,0.01,0.01,0.01,0.01,0.01,0.01,0.01,0.01,0.01
SIR-1S,RN,delta_beta_temporal_3,0.01,0.01,0.01,0.01,0.01,0.01,0.01,0.01,0.01,0.01
SIR-1S,RN,delta_beta_temporal_4,0.01,0.01,0.01,0.01,0.01,0.01,0.01,0.01,0.01,0.01
SIR-1S,RN,delta_beta_temporal_5,0.01,0.01,0.01,0.01,0.01,0.01,0.01,0.01,0.01,0.01
SIR-1S,RN,delta_beta_temporal_6,0.01,0.01,0.01,0.01,0.01,0.01,0.01,0.01,0.01,0.01
SIR-1S,RN,delta_beta_temporal_7,0.01,0.01,0.01,0.01,0.01,0.01,0.01,0.01,0.01,0.01
SIR-1S,RN,delta_beta_temporal_8,0.01,0.01,0.01,0.01,0.01,0.01,0.01,0.01,0.01,0.01
SIR-1S,RN,delta_beta_temporal_9,0.01,0.01,0.01,0.01,0.01,0.01,0.01,0.01,0.01,0.01
SIR-1S,RN,delta_beta_temporal_10,0.01,0.01,0.01,0.01,0.01,0.01,0.01,0.01,0.01,0.01
SIR-1S,RO,rho_report,0.5,0.5,0.5,0.5,0.5,0.5,0.5,0.5,0.5,0.5
SIR-1S,RO,f_R,0.5,0.5,0.5,0.5,0.5,0.5,0.5,0.5,0.5,0.5
SIR-1S,RO,f_I,0.001,0.001,0.001,0.001,0.001,0.001,0.001,0.001,0.001,0.001
SIR-1S,RO,beta,0.3,0.3,0.3,0.3,0.3,0.3,0.3,0.3,0.3,0.3
SIR-1S,RO,delta_beta_temporal_0,0.01,0.01,0.01,0.01,0.01,0.01,0.01,0.01,0.01,0.01
SIR-1S,RO,delta_beta_temporal_1,0.01,0.01,0.01,0.01,0.01,0.01,0.01,0.01,0.01,0.01
SIR-1S,RO,delta_beta_temporal_2,0.01,0.01,0.01,0.01,0.01,0.01,0.01,0.01,0.01,0.01
SIR-1S,RO,delta_beta_temporal_3,0.01,0.01,0.01,0.01,0.01,0.01,0.01,0.01,0.01,0.01
SIR-1S,RO,delta_beta_temporal_4,0.01,0.01,0.01,0.01,0.01,0.01,0.01,0.01,0.01,0.01
SIR-1S,RO,delta_beta_temporal_5,0.01,0.01,0.01,0.01,0.01,0.01,0.01,0.01,0.01,0.01
SIR-1S,RO,delta_beta_temporal_6,0.01,0.01,0.01,0.01,0.01,0.01,0.01,0.01,0.01,0.01
SIR-1S,RO,delta_beta_temporal_7,0.01,0.01,0.01,0.01,0.01,0.01,0.01,0.01,0.01,0.01
SIR-1S,RO,delta_beta_temporal_8,0.01,0.01,0.01,0.01,0.01,0.01,0.01,0.01,0.01,0.01
SIR-1S,RO,delta_beta_temporal_9,0.01,0.01,0.01,0.01,0.01,0.01,0.01,0.01,0.01,0.01
SIR-1S,RO,delta_beta_temporal_10,0.01,0.01,0.01,0.01,0.01,0.01,0.01,0.01,0.01,0.01
SIR-1S,RR,rho_report,0.5,0.5,0.5,0.5,0.5,0.5,0.5,0.5,0.5,0.5
SIR-1S,RR,f_R,0.5,0.5,0.5,0.5,0.5,0.5,0.5,0.5,0.5,0.5
SIR-1S,RR,f_I,0.001,0.001,0.001,0.001,0.001,0.001,0.001,0.001,0.001,0.001
SIR-1S,RR,beta,0.3,0.3,0.3,0.3,0.3,0.3,0.3,0.3,0.3,0.3
SIR-1S,RR,delta_beta_temporal_0,0.01,0.01,0.01,0.01,0.01,0.01,0.01,0.01,0.01,0.01
SIR-1S,RR,delta_beta_temporal_1,0.01,0.01,0.01,0.01,0.01,0.01,0.01,0.01,0.01,0.01
SIR-1S,RR,delta_beta_temporal_2,0.01,0.01,0.01,0.01,0.01,0.01,0.01,0.01,0.01,0.01
SIR-1S,RR,delta_beta_temporal_3,0.01,0.01,0.01,0.01,0.01,0.01,0.01,0.01,0.01,0.01
SIR-1S,RR,delta_beta_temporal_4,0.01,0.01,0.01,0.01,0.01,0.01,0.01,0.01,0.01,0.01
SIR-1S,RR,delta_beta_temporal_5,0.01,0.01,0.01,0.01,0.01,0.01,0.01,0.01,0.01,0.01
SIR-1S,RR,delta_beta_temporal_6,0.01,0.01,0.01,0.01,0.01,0.01,0.01,0.01,0.01,0.01
SIR-1S,RR,delta_beta_temporal_7,0.01,0.01,0.01,0.01,0.01,0.01,0.01,0.01,0.01,0.01
SIR-1S,RR,delta_beta_temporal_8,0.01,0.01,0.01,0.01,0.01,0.01,0.01,0.01,0.01,0.01
SIR-1S,RR,delta_beta_temporal_9,0.01,0.01,0.01,0.01,0.01,0.01,0.01,0.01,0.01,0.01
SIR-1S,RR,delta_beta_temporal_10,0.01,0.01,0.01,0.01,0.01,0.01,0.01,0.01,0.01,0.01
SIR-1S,RS,rho_report,0.5,0.5,0.5,0.5,0.5,0.5,0.5,0.5,0.5,0.5
SIR-1S,RS,f_R,0.5,0.5,0.5,0.5,0.5,0.5,0.5,0.5,0.5,0.5
SIR-1S,RS,f_I,0.001,0.001,0.001,0.001,0.001,0.001,0.001,0.001,0.001,0.001
SIR-1S,RS,beta,0.3,0.3,0.3,0.3,0.3,0.3,0.3,0.3,0.3,0.3
SIR-1S,RS,delta_beta_temporal_0,0.01,0.01,0.01,0.01,0.01,0.01,0.01,0.01,0.01,0.01
SIR-1S,RS,delta_beta_temporal_1,0.01,0.01,0.01,0.01,0.01,0.01,0.01,0.01,0.01,0.01
SIR-1S,RS,delta_beta_temporal_2,0.01,0.01,0.01,0.01,0.01,0.01,0.01,0.01,0.01,0.01
SIR-1S,RS,delta_beta_temporal_3,0.01,0.01,0.01,0.01,0.01,0.01,0.01,0.01,0.01,0.01
SIR-1S,RS,delta_beta_temporal_4,0.01,0.01,0.01,0.01,0.01,0.01,0.01,0.01,0.01,0.01
SIR-1S,RS,delta_beta_temporal_5,0.01,0.01,0.01,0.01,0.01,0.01,0.01,0.01,0.01,0.01
SIR-1S,RS,delta_beta_temporal_6,0.01,0.01,0.01,0.01,0.01,0.01,0.01,0.01,0.01,0.01
SIR-1S,RS,delta_beta_temporal_7,0.01,0.01,0.01,0.01,0.01,0.01,0.01,0.01,0.01,0.01
SIR-1S,RS,delta_beta_temporal_8,0.01,0.01,0.01,0.01,0.01,0.01,0.01,0.01,0.01,0.01
SIR-1S,RS,delta_beta_temporal_9,0.01,0.01,0.01,0.01,0.01,0.01,0.01,0.01,0.01,0.01
SIR-1S,RS,delta_beta_temporal_10,0.01,0.01,0.01,0.01,0.01,0.01,0.01,0.01,0.01,0.01
SIR-1S,SC,rho_report,0.5,0.5,0.5,0.5,0.5,0.5,0.5,0.5,0.5,0.5
SIR-1S,SC,f_R,0.5,0.5,0.5,0.5,0.5,0.5,0.5,0.5,0.5,0.5
SIR-1S,SC,f_I,0.001,0.001,0.001,0.001,0.001,0.001,0.001,0.001,0.001,0.001
SIR-1S,SC,beta,0.3,0.3,0.3,0.3,0.3,0.3,0.3,0.3,0.3,0.3
SIR-1S,SC,delta_beta_temporal_0,0.01,0.01,0.01,0.01,0.01,0.01,0.01,0.01,0.01,0.01
SIR-1S,SC,delta_beta_temporal_1,0.01,0.01,0.01,0.01,0.01,0.01,0.01,0.01,0.01,0.01
SIR-1S,SC,delta_beta_temporal_2,0.01,0.01,0.01,0.01,0.01,0.01,0.01,0.01,0.01,0.01
SIR-1S,SC,delta_beta_temporal_3,0.01,0.01,0.01,0.01,0.01,0.01,0.01,0.01,0.01,0.01
SIR-1S,SC,delta_beta_temporal_4,0.01,0.01,0.01,0.01,0.01,0.01,0.01,0.01,0.01,0.01
SIR-1S,SC,delta_beta_temporal_5,0.01,0.01,0.01,0.01,0.01,0.01,0.01,0.01,0.01,0.01
SIR-1S,SC,delta_beta_temporal_6,0.01,0.01,0.01,0.01,0.01,0.01,0.01,0.01,0.01,0.01
SIR-1S,SC,delta_beta_temporal_7,0.01,0.01,0.01,0.01,0.01,0.01,0.01,0.01,0.01,0.01
SIR-1S,SC,delta_beta_temporal_8,0.01,0.01,0.01,0.01,0.01,0.01,0.01,0.01,0.01,0.01
SIR-1S,SC,delta_beta_temporal_9,0.01,0.01,0.01,0.01,0.01,0.01,0.01,0.01,0.01,0.01
SIR-1S,SC,delta_beta_temporal_10,0.01,0.01,0.01,0.01,0.01,0.01,0.01,0.01,0.01,0.01
SIR-1S,SE,rho_report,0.5,0.5,0.5,0.5,0.5,0.5,0.5,0.5,0.5,0.5
SIR-1S,SE,f_R,0.5,0.5,0.5,0.5,0.5,0.5,0.5,0.5,0.5,0.5
SIR-1S,SE,f_I,0.001,0.001,0.001,0.001,0.001,0.001,0.001,0.001,0.001,0.001
SIR-1S,SE,beta,0.3,0.3,0.3,0.3,0.3,0.3,0.3,0.3,0.3,0.3
SIR-1S,SE,delta_beta_temporal_0,0.01,0.01,0.01,0.01,0.01,0.01,0.01,0.01,0.01,0.01
SIR-1S,SE,delta_beta_temporal_1,0.01,0.01,0.01,0.01,0.01,0.01,0.01,0.01,0.01,0.01
SIR-1S,SE,delta_beta_temporal_2,0.01,0.01,0.01,0.01,0.01,0.01,0.01,0.01,0.01,0.01
SIR-1S,SE,delta_beta_temporal_3,0.01,0.01,0.01,0.01,0.01,0.01,0.01,0.01,0.01,0.01
SIR-1S,SE,delta_beta_temporal_4,0.01,0.01,0.01,0.01,0.01,0.01,0.01,0.01,0.01,0.01
SIR-1S,SE,delta_beta_temporal_5,0.01,0.01,0.01,0.01,0.01,0.01,0.01,0.01,0.01,0.01
SIR-1S,SE,delta_beta_temporal_6,0.01,0.01,0.01,0.01,0.01,0.01,0.01,0.01,0.01,0.01
SIR-1S,SE,delta_beta_temporal_7,0.01,0.01,0.01,0.01,0.01,0.01,0.01,0.01,0.01,0.01
SIR-1S,SE,delta_beta_temporal_8,0.01,0.01,0.01,0.01,0.01,0.01,0.01,0.01,0.01,0.01
SIR-1S,SE,delta_beta_temporal_9,0.01,0.01,0.01,0.01,0.01,0.01,0.01,0.01,0.01,0.01
SIR-1S,SE,delta_beta_temporal_10,0.01,0.01,0.01,0.01,0.01,0.01,0.01,0.01,0.01,0.01
SIR-1S,SP,rho_report,0.5,0.5,0.5,0.5,0.5,0.5,0.5,0.5,0.5,0.5
SIR-1S,SP,f_R,0.5,0.5,0.5,0.5,0.5,0.5,0.5,0.5,0.5,0.5
SIR-1S,SP,f_I,0.001,0.001,0.001,0.001,0.001,0.001,0.001,0.001,0.001,0.001
SIR-1S,SP,beta,0.3,0.3,0.3,0.3,0.3,0.3,0.3,0.3,0.3,0.3
SIR-1S,SP,delta_beta_temporal_0,0.01,0.01,0.01,0.01,0.01,0.01,0.01,0.01,0.01,0.01
SIR-1S,SP,delta_beta_temporal_1,0.01,0.01,0.01,0.01,0.01,0.01,0.01,0.01,0.01,0.01
SIR-1S,SP,delta_beta_temporal_2,0.01,0.01,0.01,0.01,0.01,0.01,0.01,0.01,0.01,0.01
SIR-1S,SP,delta_beta_temporal_3,0.01,0.01,0.01,0.01,0.01,0.01,0.01,0.01,0.01,0.01
SIR-1S,SP,delta_beta_temporal_4,0.01,0.01,0.01,0.01,0.01,0.01,0.01,0.01,0.01,0.01
SIR-1S,SP,delta_beta_temporal_5,0.01,0.01,0.01,0.01,0.01,0.01,0.01,0.01,0.01,0.01
SIR-1S,SP,delta_beta_temporal_6,0.01,0.01,0.01,0.01,0.01,0.01,0.01,0.01,0.01,0.01
SIR-1S,SP,delta_beta_temporal_7,0.01,0.01,0.01,0.01,0.01,0.01,0.01,0.01,0.01,0.01
SIR-1S,SP,delta_beta_temporal_8,0.01,0.01,0.01,0.01,0.01,0.01,0.01,0.01,0.01,0.01
SIR-1S,SP,delta_beta_temporal_9,0.01,0.01,0.01,0.01,0.01,0.01,0.01,0.01,0.01,0.01
SIR-1S,SP,delta_beta_temporal_10,0.01,0.01,0.01,0.01,0.01,0.01,0.01,0.01,0.01,0.01
SIR-1S,TO,rho_report,0.5,0.5,0.5,0.5,0.5,0.5,0.5,0.5,0.5,0.5
SIR-1S,TO,f_R,0.5,0.5,0.5,0.5,0.5,0.5,0.5,0.5,0.5,0.5
SIR-1S,TO,f_I,0.001,0.001,0.001,0.001,0.001,0.001,0.001,0.001,0.001,0.001
SIR-1S,TO,beta,0.3,0.3,0.3,0.3,0.3,0.3,0.3,0.3,0.3,0.3
SIR-1S,TO,delta_beta_temporal_0,0.01,0.01,0.01,0.01,0.01,0.01,0.01,0.01,0.01,0.01
SIR-1S,TO,delta_beta_temporal_1,0.01,0.01,0.01,0.01,0.01,0.01,0.01,0.01,0.01,0.01
SIR-1S,TO,delta_beta_temporal_2,0.01,0.01,0.01,0.01,0.01,0.01,0.01,0.01,0.01,0.01
SIR-1S,TO,delta_beta_temporal_3,0.01,0.01,0.01,0.01,0.01,0.01,0.01,0.01,0.01,0.01
SIR-1S,TO,delta_beta_temporal_4,0.01,0.01,0.01,0.01,0.01,0.01,0.01,0.01,0.01,0.01
SIR-1S,TO,delta_beta_temporal_5,0.01,0.01,0.01,0.01,0.01,0.01,0.01,0.01,0.01,0.01
SIR-1S,TO,delta_beta_temporal_6,0.01,0.01,0.01,0.01,0.01,0.01,0.01,0.01,0.01,0.01
SIR-1S,TO,delta_beta_temporal_7,0.01,0.01,0.01,0.01,0.01,0.01,0.01,0.01,0.01,0.01
SIR-1S,TO,delta_beta_temporal_8,0.01,0.01,0.01,0.01,0.01,0.01,0.01,0.01,0.01,0.01
SIR-1S,TO,delta_beta_temporal_9,0.01,0.01,0.01,0.01,0.01,0.01,0.01,0.01,0.01,0.01
SIR-1S,TO,delta_beta_temporal_10,0.01,0.01,0.01,0.01,0.01,0.01,0.01,0.01,0.01,0.01
SIR-4S,AC,rho_report,0.5,0.5,0.5,0.5,0.5,0.5,0.5,0.5,0.5,0.5
SIR-4S,AC,f_R_0,0.5,0.5,0.5,0.5,0.5,0.5,0.5,0.5,0.5,0.5
SIR-4S,AC,f_R_1,0.5,0.5,0.5,0.5,0.5,0.5,0.5,0.5,0.5,0.5
SIR-4S,AC,f_R_2,0.5,0.5,0.5,0.5,0.5,0.5,0.5,0.5,0.5,0.5
SIR-4S,AC,f_R_3,0.5,0.5,0.5,0.5,0.5,0.5,0.5,0.5,0.5,0.5
SIR-4S,AC,f_I_0,0.001,0.001,0.001,0.001,0.001,0.001,0.001,0.001,0.001,0.001
SIR-4S,AC,f_I_1,0.001,0.001,0.001,0.001,0.001,0.001,0.001,0.001,0.001,0.001
SIR-4S,AC,f_I_2,0.001,0.001,0.001,0.001,0.001,0.001,0.001,0.001,0.001,0.001
SIR-4S,AC,f_I_3,0.001,0.001,0.001,0.001,0.001,0.001,0.001,0.001,0.001,0.001
SIR-4S,AC,beta_0,0.3,0.3,0.3,0.3,0.3,0.3,0.3,0.3,0.3,0.3
SIR-4S,AC,beta_1,0.3,0.3,0.3,0.3,0.3,0.3,0.3,0.3,0.3,0.3
SIR-4S,AC,beta_2,0.3,0.3,0.3,0.3,0.3,0.3,0.3,0.3,0.3,0.3
SIR-4S,AC,beta_3,0.3,0.3,0.3,0.3,0.3,0.3,0.3,0.3,0.3,0.3
SIR-4S,AC,delta_beta_temporal_0,0.01,0.01,0.01,0.01,0.01,0.01,0.01,0.01,0.01,0.01
SIR-4S,AC,delta_beta_temporal_1,0.01,0.01,0.01,0.01,0.01,0.01,0.01,0.01,0.01,0.01
SIR-4S,AC,delta_beta_temporal_2,0.01,0.01,0.01,0.01,0.01,0.01,0.01,0.01,0.01,0.01
SIR-4S,AC,delta_beta_temporal_3,0.01,0.01,0.01,0.01,0.01,0.01,0.01,0.01,0.01,0.01
SIR-4S,AC,delta_beta_temporal_4,0.01,0.01,0.01,0.01,0.01,0.01,0.01,0.01,0.01,0.01
SIR-4S,AC,delta_beta_temporal_5,0.01,0.01,0.01,0.01,0.01,0.01,0.01,0.01,0.01,0.01
SIR-4S,AC,delta_beta_temporal_6,0.01,0.01,0.01,0.01,0.01,0.01,0.01,0.01,0.01,0.01
SIR-4S,AC,delta_beta_temporal_7,0.01,0.01,0.01,0.01,0.01,0.01,0.01,0.01,0.01,0.01
SIR-4S,AC,delta_beta_temporal_8,0.01,0.01,0.01,0.01,0.01,0.01,0.01,0.01,0.01,0.01
SIR-4S,AC,delta_beta_temporal_9,0.01,0.01,0.01,0.01,0.01,0.01,0.01,0.01,0.01,0.01
SIR-4S,AC,delta_beta_temporal_10,0.01,0.01,0.01,0.01,0.01,0.01,0.01,0.01,0.01,0.01
SIR-4S,AL,rho_report,0.5,0.5,0.5,0.5,0.5,0.5,0.5,0.5,0.5,0.5
SIR-4S,AL,f_R_0,0.5,0.5,0.5,0.5,0.5,0.5,0.5,0.5,0.5,0.5
SIR-4S,AL,f_R_1,0.5,0.5,0.5,0.5,0.5,0.5,0.5,0.5,0.5,0.5
SIR-4S,AL,f_R_2,0.5,0.5,0.5,0.5,0.5,0.5,0.5,0.5,0.5,0.5
SIR-4S,AL,f_R_3,0.5,0.5,0.5,0.5,0.5,0.5,0.5,0.5,0.5,0.5
SIR-4S,AL,f_I_0,0.001,0.001,0.001,0.001,0.001,0.001,0.001,0.001,0.001,0.001
SIR-4S,AL,f_I_1,0.001,0.001,0.001,0.001,0.001,0.001,0.001,0.001,0.001,0.001
SIR-4S,AL,f_I_2,0.001,0.001,0.001,0.001,0.001,0.001,0.001,0.001,0.001,0.001
SIR-4S,AL,f_I_3,0.001,0.001,0.001,0.001,0.001,0.001,0.001,0.001,0.001,0.001
SIR-4S,AL,beta_0,0.3,0.3,0.3,0.3,0.3,0.3,0.3,0.3,0.3,0.3
SIR-4S,AL,beta_1,0.3,0.3,0.3,0.3,0.3,0.3,0.3,0.3,0.3,0.3
SIR-4S,AL,beta_2,0.3,0.3,0.3,0.3,0.3,0.3,0.3,0.3,0.3,0.3
SIR-4S,AL,beta_3,0.3,0.3,0.3,0.3,0.3,0.3,0.3,0.3,0.3,0.3
SIR-4S,AL,delta_beta_temporal_0,0.01,0.01,0.01,0.01,0.01,0.01,0.01,0.01,0.01,0.01
SIR-4S,AL,delta_beta_temporal_1,0.01,0.01,0.01,0.01,0.01,0.01,0.01,0.01,0.01,0.01
SIR-4S,AL,delta_beta_temporal_2,0.01,0.01,0.01,0.01,0.01,0.01,0.01,0.01,0.01,0.01
SIR-4S,AL,delta_beta_temporal_3,0.01,0.01,0.01,0.01,0.01,0.01,0.01,0.01,0.01,0.01
SIR-4S,AL,delta_beta_temporal_4,0.01,0.01,0.01,0.01,0.01,0.01,0.01,0.01,0.01,0.01
SIR-4S,AL,delta_beta_temporal_5,0.01,0.01,0.01,0.01,0.01,0.01,0.01,0.01,0.01,0.01
SIR-4S,AL,delta_beta_temporal_6,0.01,0.01,0.01,0.01,0.01,0.01,0.01,0.01,0.01,0.01
SIR-4S,AL,delta_beta_temporal_7,0.01,0.01,0.01,0.01,0.01,0.01,0.01,0.01,0.01,0.01
SIR-4S,AL,delta_beta_temporal_8,0.01,0.01,0.01,0.01,0.01,0.01,0.01,0.01,0.01,0.01
SIR-4S,AL,delta_beta_temporal_9,0.01,0.01,0.01,0.01,0.01,0.01,0.01,0.01,0.01,0.01
SIR-4S,AL,delta_beta_temporal_10,0.01,0.01,0.01,0.01,0.01,0.01,0.01,0.01,0.01,0.01
SIR-4S,AM,rho_report,0.5,0.5,0.5,0.5,0.5,0.5,0.5,0.5,0.5,0.5
SIR-4S,AM,f_R_0,0.5,0.5,0.5,0.5,0.5,0.5,0.5,0.5,0.5,0.5
SIR-4S,AM,f_R_1,0.5,0.5,0.5,0.5,0.5,0.5,0.5,0.5,0.5,0.5
SIR-4S,AM,f_R_2,0.5,0.5,0.5,0.5,0.5,0.5,0.5,0.5,0.5,0.5
SIR-4S,AM,f_R_3,0.5,0.5,0.5,0.5,0.5,0.5,0.5,0.5,0.5,0.5
SIR-4S,AM,f_I_0,0.001,0.001,0.001,0.001,0.001,0.001,0.001,0.001,0.001,0.001
SIR-4S,AM,f_I_1,0.001,0.001,0.001,0.001,0.001,0.001,0.001,0.001,0.001,0.001
SIR-4S,AM,f_I_2,0.001,0.001,0.001,0.001,0.001,0.001,0.001,0.001,0.001,0.001
SIR-4S,AM,f_I_3,0.001,0.001,0.001,0.001,0.001,0.001,0.001,0.001,0.001,0.001
SIR-4S,AM,beta_0,0.3,0.3,0.3,0.3,0.3,0.3,0.3,0.3,0.3,0.3
SIR-4S,AM,beta_1,0.3,0.3,0.3,0.3,0.3,0.3,0.3,0.3,0.3,0.3
SIR-4S,AM,beta_2,0.3,0.3,0.3,0.3,0.3,0.3,0.3,0.3,0.3,0.3
SIR-4S,AM,beta_3,0.3,0.3,0.3,0.3,0.3,0.3,0.3,0.3,0.3,0.3
SIR-4S,AM,delta_beta_temporal_0,0.01,0.01,0.01,0.01,0.01,0.01,0.01,0.01,0.01,0.01
SIR-4S,AM,delta_beta_temporal_1,0.01,0.01,0.01,0.01,0.01,0.01,0.01,0.01,0.01,0.01
SIR-4S,AM,delta_beta_temporal_2,0.01,0.01,0.01,0.01,0.01,0.01,0.01,0.01,0.01,0.01
SIR-4S,AM,delta_beta_temporal_3,0.01,0.01,0.01,0.01,0.01,0.01,0.01,0.01,0.01,0.01
SIR-4S,AM,delta_beta_temporal_4,0.01,0.01,0.01,0.01,0.01,0.01,0.01,0.01,0.01,0.01
SIR-4S,AM,delta_beta_temporal_5,0.01,0.01,0.01,0.01,0.01,0.01,0.01,0.01,0.01,0.01
SIR-4S,AM,delta_beta_temporal_6,0.01,0.01,0.01,0.01,0.01,0.01,0.01,0.01,0.01,0.01
SIR-4S,AM,delta_beta_temporal_7,0.01,0.01,0.01,0.01,0.01,0.01,0.01,0.01,0.01,0.01
SIR-4S,AM,delta_beta_temporal_8,0.01,0.01,0.01,0.01,0.01,0.01,0.01,0.01,0.01,0.01
SIR-4S,AM,delta_beta_temporal_9,0.01,0.01,0.01,0.01,0.01,0.01,0.01,0.01,0.01,0.01
SIR-4S,AM,delta_beta_temporal_10,0.01,0.01,0.01,0.01,0.01,0.01,0.01,0.01,0.01,0.01
SIR-4S,AP,rho_report,0.5,0.5,0.5,0.5,0.5,0.5,0.5,0.5,0.5,0.5
SIR-4S,AP,f_R_0,0.5,0.5,0.5,0.5,0.5,0.5,0.5,0.5,0.5,0.5
SIR-4S,AP,f_R_1,0.5,0.5,0.5,0.5,0.5,0.5,0.5,0.5,0.5,0.5
SIR-4S,AP,f_R_2,0.5,0.5,0.5,0.5,0.5,0.5,0.5,0.5,0.5,0.5
SIR-4S,AP,f_R_3,0.5,0.5,0.5,0.5,0.5,0.5,0.5,0.5,0.5,0.5
SIR-4S,AP,f_I_0,0.001,0.001,0.001,0.001,0.001,0.001,0.001,0.001,0.001,0.001
SIR-4S,AP,f_I_1,0.001,0.001,0.001,0.001,0.001,0.001,0.001,0.001,0.001,0.001
SIR-4S,AP,f_I_2,0.001,0.001,0.001,0.001,0.001,0.001,0.001,0.001,0.001,0.001
SIR-4S,AP,f_I_3,0.001,0.001,0.001,0.001,0.001,0.001,0.001,0.001,0.001,0.001
SIR-4S,AP,beta_0,0.3,0.3,0.3,0.3,0.3,0.3,0.3,0.3,0.3,0.3
SIR-4S,AP,beta_1,0.3,0.3,0.3,0.3,0.3,0.3,0.3,0.3,0.3,0.3
SIR-4S,AP,beta_2,0.3,0.3,0.3,0.3,0.3,0.3,0.3,0.3,0.3,0.3
SIR-4S,AP,beta_3,0.3,0.3,0.3,0.3,0.3,0.3,0.3,0.3,0.3,0.3
SIR-4S,AP,delta_beta_temporal_0,0.01,0.01,0.01,0.01,0.01,0.01,0.01,0.01,0.01,0.01
SIR-4S,AP,delta_beta_temporal_1,0.01,0.01,0.01,0.01,0.01,0.01,0.01,0.01,0.01,0.01
SIR-4S,AP,delta_beta_temporal_2,0.01,0.01,0.01,0.01,0.01,0.01,0.01,0.01,0.01,0.01
SIR-4S,AP,delta_beta_temporal_3,0.01,0.01,0.01,0.01,0.01,0.01,0.01,0.01,0.01,0.01
SIR-4S,AP,delta_beta_temporal_4,0.01,0.01,0.01,0.01,0.01,0.01,0.01,0.01,0.01,0.01
SIR-4S,AP,delta_beta_temporal_5,0.01,0.01,0.01,0.01,0.01,0.01,0.01,0.01,0.01,0.01
SIR-4S,AP,delta_beta_temporal_6,0.01,0.01,0.01,0.01,0.01,0.01,0.01,0.01,0.01,0.01
SIR-4S,AP,delta_beta_temporal_7,0.01,0.01,0.01,0.01,0.01,0.01,0.01,0.01,0.01,0.01
SIR-4S,AP,delta_beta_temporal_8,0.01,0.01,0.01,0.01,0.01,0.01,0.01,0.01,0.01,0.01
SIR-4S,AP,delta_beta_temporal_9,0.01,0.01,0.01,0.01,0.01,0.01,0.01,0.01,0.01,0.01
SIR-4S,AP,delta_beta_temporal_10,0.01,0.01,0.01,0.01,0.01,0.01,0.01,0.01,0.01,0.01
SIR-4S,BA,rho_report,0.5,0.5,0.5,0.5,0.5,0.5,0.5,0.5,0.5,0.5
SIR-4S,BA,f_R_0,0.5,0.5,0.5,0.5,0.5,0.5,0.5,0.5,0.5,0.5
SIR-4S,BA,f_R_1,0.5,0.5,0.5,0.5,0.5,0.5,0.5,0.5,0.5,0.5
SIR-4S,BA,f_R_2,0.5,0.5,0.5,0.5,0.5,0.5,0.5,0.5,0.5,0.5
SIR-4S,BA,f_R_3,0.5,0.5,0.5,0.5,0.5,0.5,0.5,0.5,0.5,0.5
SIR-4S,BA,f_I_0,0.001,0.001,0.001,0.001,0.001,0.001,0.001,0.001,0.001,0.001
SIR-4S,BA,f_I_1,0.001,0.001,0.001,0.001,0.001,0.001,0.001,0.001,0.001,0.001
SIR-4S,BA,f_I_2,0.001,0.001,0.001,0.001,0.001,0.001,0.001,0.001,0.001,0.001
SIR-4S,BA,f_I_3,0.001,0.001,0.001,0.001,0.001,0.001,0.001,0.001,0.001,0.001
SIR-4S,BA,beta_0,0.3,0.3,0.3,0.3,0.3,0.3,0.3,0.3,0.3,0.3
SIR-4S,BA,beta_1,0.3,0.3,0.3,0.3,0.3,0.3,0.3,0.3,0.3,0.3
SIR-4S,BA,beta_2,0.3,0.3,0.3,0.3,0.3,0.3,0.3,0.3,0.3,0.3
SIR-4S,BA,beta_3,0.3,0.3,0.3,0.3,0.3,0.3,0.3,0.3,0.3,0.3
SIR-4S,BA,delta_beta_temporal_0,0.01,0.01,0.01,0.01,0.01,0.01,0.01,0.01,0.01,0.01
SIR-4S,BA,delta_beta_temporal_1,0.01,0.01,0.01,0.01,0.01,0.01,0.01,0.01,0.01,0.01
SIR-4S,BA,delta_beta_temporal_2,0.01,0.01,0.01,0.01,0.01,0.01,0.01,0.01,0.01,0.01
SIR-4S,BA,delta_beta_temporal_3,0.01,0.01,0.01,0.01,0.01,0.01,0.01,0.01,0.01,0.01
SIR-4S,BA,delta_beta_temporal_4,0.01,0.01,0.01,0.01,0.01,0.01,0.01,0.01,0.01,0.01
SIR-4S,BA,delta_beta_temporal_5,0.01,0.01,0.01,0.01,0.01,0.01,0.01,0.01,0.01,0.01
SIR-4S,BA,delta_beta_temporal_6,0.01,0.01,0.01,0.01,0.01,0.01,0.01,0.01,0.01,0.01
SIR-4S,BA,delta_beta_temporal_7,0.01,0.01,0.01,0.01,0.01,0.01,0.01,0.01,0.01,0.01
SIR-4S,BA,delta_beta_temporal_8,0.01,0.01,0.01,0.01,0.01,0.01,0.01,0.01,0.01,0.01
SIR-4S,BA,delta_beta_temporal_9,0.01,0.01,0.01,0.01,0.01,0.01,0.01,0.01,0.01,0.01
SIR-4S,BA,delta_beta_temporal_10,0.01,0.01,0.01,0.01,0.01,0.01,0.01,0.01,0.01,0.01
SIR-4S,CE,rho_report,0.5,0.5,0.5,0.5,0.5,0.5,0.5,0.5,0.5,0.5
SIR-4S,CE,f_R_0,0.5,0.5,0.5,0.5,0.5,0.5,0.5,0.5,0.5,0.5
SIR-4S,CE,f_R_1,0.5,0.5,0.5,0.5,0.5,0.5,0.5,0.5,0.5,0.5
SIR-4S,CE,f_R_2,0.5,0.5,0.5,0.5,0.5,0.5,0.5,0.5,0.5,0.5
SIR-4S,CE,f_R_3,0.5,0.5,0.5,0.5,0.5,0.5,0.5,0.5,0.5,0.5
SIR-4S,CE,f_I_0,0.001,0.001,0.001,0.001,0.001,0.001,0.001,0.001,0.001,0.001
SIR-4S,CE,f_I_1,0.001,0.001,0.001,0.001,0.001,0.001,0.001,0.001,0.001,0.001
SIR-4S,CE,f_I_2,0.001,0.001,0.001,0.001,0.001,0.001,0.001,0.001,0.001,0.001
SIR-4S,CE,f_I_3,0.001,0.001,0.001,0.001,0.001,0.001,0.001,0.001,0.001,0.001
SIR-4S,CE,beta_0,0.3,0.3,0.3,0.3,0.3,0.3,0.3,0.3,0.3,0.3
SIR-4S,CE,beta_1,0.3,0.3,0.3,0.3,0.3,0.3,0.3,0.3,0.3,0.3
SIR-4S,CE,beta_2,0.3,0.3,0.3,0.3,0.3,0.3,0.3,0.3,0.3,0.3
SIR-4S,CE,beta_3,0.3,0.3,0.3,0.3,0.3,0.3,0.3,0.3,0.3,0.3
SIR-4S,CE,delta_beta_temporal_0,0.01,0.01,0.01,0.01,0.01,0.01,0.01,0.01,0.01,0.01
SIR-4S,CE,delta_beta_temporal_1,0.01,0.01,0.01,0.01,0.01,0.01,0.01,0.01,0.01,0.01
SIR-4S,CE,delta_beta_temporal_2,0.01,0.01,0.01,0.01,0.01,0.01,0.01,0.01,0.01,0.01
SIR-4S,CE,delta_beta_temporal_3,0.01,0.01,0.01,0.01,0.01,0.01,0.01,0.01,0.01,0.01
SIR-4S,CE,delta_beta_temporal_4,0.01,0.01,0.01,0.01,0.01,0.01,0.01,0.01,0.01,0.01
SIR-4S,CE,delta_beta_temporal_5,0.01,0.01,0.01,0.01,0.01,0.01,0.01,0.01,0.01,0.01
SIR-4S,CE,delta_beta_temporal_6,0.01,0.01,0.01,0.01,0.01,0.01,0.01,0.01,0.01,0.01
SIR-4S,CE,delta_beta_temporal_7,0.01,0.01,0.01,0.01,0.01,0.01,0.01,0.01,0.01,0.01
SIR-4S,CE,delta_beta_temporal_8,0.01,0.01,0.01,0.01,0.01,0.01,0.01,0.01,0.01,0.01
SIR-4S,CE,delta_beta_temporal_9,0.01,0.01,0.01,0.01,0.01,0.01,0.01,0.01,0.01,0.01
SIR-4S,CE,delta_beta_temporal_10,0.01,0.01,0.01,0.01,0.01,0.01,0.01,0.01,0.01,0.01
SIR-4S,DF,rho_report,0.5,0.5,0.5,0.5,0.5,0.5,0.5,0.5,0.5,0.5
SIR-4S,DF,f_R_0,0.5,0.5,0.5,0.5,0.5,0.5,0.5,0.5,0.5,0.5
SIR-4S,DF,f_R_1,0.5,0.5,0.5,0.5,0.5,0.5,0.5,0.5,0.5,0.5
SIR-4S,DF,f_R_2,0.5,0.5,0.5,0.5,0.5,0.5,0.5,0.5,0.5,0.5
SIR-4S,DF,f_R_3,0.5,0.5,0.5,0.5,0.5,0.5,0.5,0.5,0.5,0.5
SIR-4S,DF,f_I_0,0.001,0.001,0.001,0.001,0.001,0.001,0.001,0.001,0.001,0.001
SIR-4S,DF,f_I_1,0.001,0.001,0.001,0.001,0.001,0.001,0.001,0.001,0.001,0.001
SIR-4S,DF,f_I_2,0.001,0.001,0.001,0.001,0.001,0.001,0.001,0.001,0.001,0.001
SIR-4S,DF,f_I_3,0.001,0.001,0.001,0.001,0.001,0.001,0.001,0.001,0.001,0.001
SIR-4S,DF,beta_0,0.3,0.3,0.3,0.3,0.3,0.3,0.3,0.3,0.3,0.3
SIR-4S,DF,beta_1,0.3,0.3,0.3,0.3,0.3,0.3,0.3,0.3,0.3,0.3
SIR-4S,DF,beta_2,0.3,0.3,0.3,0.3,0.3,0.3,0.3,0.3,0.3,0.3
SIR-4S,DF,beta_3,0.3,0.3,0.3,0.3,0.3,0.3,0.3,0.3,0.3,0.3
SIR-4S,DF,delta_beta_temporal_0,0.01,0.01,0.01,0.01,0.01,0.01,0.01,0.01,0.01,0.01
SIR-4S,DF,delta_beta_temporal_1,0.01,0.01,0.01,0.01,0.01,0.01,0.01,0.01,0.01,0.01
SIR-4S,DF,delta_beta_temporal_2,0.01,0.01,0.01,0.01,0.01,0.01,0.01,0.01,0.01,0.01
SIR-4S,DF,delta_beta_temporal_3,0.01,0.01,0.01,0.01,0.01,0.01,0.01,0.01,0.01,0.01
SIR-4S,DF,delta_beta_temporal_4,0.01,0.01,0.01,0.01,0.01,0.01,0.01,0.01,0.01,0.01
SIR-4S,DF,delta_beta_temporal_5,0.01,0.01,0.01,0.01,0.01,0.01,0.01,0.01,0.01,0.01
SIR-4S,DF,delta_beta_temporal_6,0.01,0.01,0.01,0.01,0.01,0.01,0.01,0.01,0.01,0.01
SIR-4S,DF,delta_beta_temporal_7,0.01,0.01,0.01,0.01,0.01,0.01,0.01,0.01,0.01,0.01
SIR-4S,DF,delta_beta_temporal_8,0.01,0.01,0.01,0.01,0.01,0.01,0.01,0.01,0.01,0.01
SIR-4S,DF,delta_beta_temporal_9,0.01,0.01,0.01,0.01,0.01,0.01,0.01,0.01,0.01,0.01
SIR-4S,DF,delta_beta_temporal_10,0.01,0.01,0.01,0.01,0.01,0.01,0.01,0.01,0.01,0.01
SIR-4S,ES,rho_report,0.5,0.5,0.5,0.5,0.5,0.5,0.5,0.5,0.5,0.5
SIR-4S,ES,f_R_0,0.5,0.5,0.5,0.5,0.5,0.5,0.5,0.5,0.5,0.5
SIR-4S,ES,f_R_1,0.5,0.5,0.5,0.5,0.5,0.5,0.5,0.5,0.5,0.5
SIR-4S,ES,f_R_2,0.5,0.5,0.5,0.5,0.5,0.5,0.5,0.5,0.5,0.5
SIR-4S,ES,f_R_3,0.5,0.5,0.5,0.5,0.5,0.5,0.5,0.5,0.5,0.5
SIR-4S,ES,f_I_0,0.001,0.001,0.001,0.001,0.001,0.001,0.001,0.001,0.001,0.001
SIR-4S,ES,f_I_1,0.001,0.001,0.001,0.001,0.001,0.001,0.001,0.001,0.001,0.001
SIR-4S,ES,f_I_2,0.001,0.001,0.001,0.001,0.001,0.001,0.001,0.001,0.001,0.001
SIR-4S,ES,f_I_3,0.001,0.001,0.001,0.001,0.001,0.001,0.001,0.001,0.001,0.001
SIR-4S,ES,beta_0,0.3,0.3,0.3,0.3,0.3,0.3,0.3,0.3,0.3,0.3
SIR-4S,ES,beta_1,0.3,0.3,0.3,0.3,0.3,0.3,0.3,0.3,0.3,0.3
SIR-4S,ES,beta_2,0.3,0.3,0.3,0.3,0.3,0.3,0.3,0.3,0.3,0.3
SIR-4S,ES,beta_3,0.3,0.3,0.3,0.3,0.3,0.3,0.3,0.3,0.3,0.3
SIR-4S,ES,delta_beta_temporal_0,0.01,0.01,0.01,0.01,0.01,0.01,0.01,0.01,0.01,0.01
SIR-4S,ES,delta_beta_temporal_1,0.01,0.01,0.01,0.01,0.01,0.01,0.01,0.01,0.01,0.01
SIR-4S,ES,delta_beta_temporal_2,0.01,0.01,0.01,0.01,0.01,0.01,0.01,0.01,0.01,0.01
SIR-4S,ES,delta_beta_temporal_3,0.01,0.01,0.01,0.01,0.01,0.01,0.01,0.01,0.01,0.01
SIR-4S,ES,delta_beta_temporal_4,0.01,0.01,0.01,0.01,0.01,0.01,0.01,0.01,0.01,0.01
SIR-4S,ES,delta_beta_temporal_5,0.01,0.01,0.01,0.01,0.01,0.01,0.01,0.01,0.01,0.01
SIR-4S,ES,delta_beta_temporal_6,0.01,0.01,0.01,0.01,0.01,0.01,0.01,0.01,0.01,0.01
SIR-4S,ES,delta_beta_temporal_7,0.01,0.01,0.01,0.01,0.01,0.01,0.01,0.01,0.01,0.01
SIR-4S,ES,delta_beta_temporal_8,0.01,0.01,0.01,0.01,0.01,0.01,0.01,0.01,0.01,0.01
SIR-4S,ES,delta_beta_temporal_9,0.01,0.01,0.01,0.01,0.01,0.01,0.01,0.01,0.01,0.01
SIR-4S,ES,delta_beta_temporal_10,0.01,0.01,0.01,0.01,0.01,0.01,0.01,0.01,0.01,0.01
SIR-4S,GO,rho_report,0.5,0.5,0.5,0.5,0.5,0.5,0.5,0.5,0.5,0.5
SIR-4S,GO,f_R_0,0.5,0.5,0.5,0.5,0.5,0.5,0.5,0.5,0.5,0.5
SIR-4S,GO,f_R_1,0.5,0.5,0.5,0.5,0.5,0.5,0.5,0.5,0.5,0.5
SIR-4S,GO,f_R_2,0.5,0.5,0.5,0.5,0.5,0.5,0.5,0.5,0.5,0.5
SIR-4S,GO,f_R_3,0.5,0.5,0.5,0.5,0.5,0.5,0.5,0.5,0.5,0.5
SIR-4S,GO,f_I_0,0.001,0.001,0.001,0.001,0.001,0.001,0.001,0.001,0.001,0.001
SIR-4S,GO,f_I_1,0.001,0.001,0.001,0.001,0.001,0.001,0.001,0.001,0.001,0.001
SIR-4S,GO,f_I_2,0.001,0.001,0.001,0.001,0.001,0.001,0.001,0.001,0.001,0.001
SIR-4S,GO,f_I_3,0.001,0.001,0.001,0.001,0.001,0.001,0.001,0.001,0.001,0.001
SIR-4S,GO,beta_0,0.3,0.3,0.3,0.3,0.3,0.3,0.3,0.3,0.3,0.3
SIR-4S,GO,beta_1,0.3,0.3,0.3,0.3,0.3,0.3,0.3,0.3,0.3,0.3
SIR-4S,GO,beta_2,0.3,0.3,0.3,0.3,0.3,0.3,0.3,0.3,0.3,0.3
SIR-4S,GO,beta_3,0.3,0.3,0.3,0.3,0.3,0.3,0.3,0.3,0.3,0.3
SIR-4S,GO,delta_beta_temporal_0,0.01,0.01,0.01,0.01,0.01,0.01,0.01,0.01,0.01,0.01
SIR-4S,GO,delta_beta_temporal_1,0.01,0.01,0.01,0.01,0.01,0.01,0.01,0.01,0.01,0.01
SIR-4S,GO,delta_beta_temporal_2,0.01,0.01,0.01,0.01,0.01,0.01,0.01,0.01,0.01,0.01
SIR-4S,GO,delta_beta_temporal_3,0.01,0.01,0.01,0.01,0.01,0.01,0.01,0.01,0.01,0.01
SIR-4S,GO,delta_beta_temporal_4,0.01,0.01,0.01,0.01,0.01,0.01,0.01,0.01,0.01,0.01
SIR-4S,GO,delta_beta_temporal_5,0.01,0.01,0.01,0.01,0.01,0.01,0.01,0.01,0.01,0.01
SIR-4S,GO,delta_beta_temporal_6,0.01,0.01,0.01,0.01,0.01,0.01,0.01,0.01,0.01,0.01
SIR-4S,GO,delta_beta_temporal_7,0.01,0.01,0.01,0.01,0.01,0.01,0.01,0.01,0.01,0.01
SIR-4S,GO,delta_beta_temporal_8,0.01,0.01,0.01,0.01,0.01,0.01,0.01,0.01,0.01,0.01
SIR-4S,GO,delta_beta_temporal_9,0.01,0.01,0.01,0.01,0.01,0.01,0.01,0.01,0.01,0.01
SIR-4S,GO,delta_beta_temporal_10,0.01,0.01,0.01,0.01,0.01,0.01,0.01,0.01,0.01,0.01
SIR-4S,MA,rho_report,0.5,0.5,0.5,0.5,0.5,0.5,0.5,0.5,0.5,0.5
SIR-4S,MA,f_R_0,0.5,0.5,0.5,0.5,0.5,0.5,0.5,0.5,0.5,0.5
SIR-4S,MA,f_R_1,0.5,0.5,0.5,0.5,0.5,0.5,0.5,0.5,0.5,0.5
SIR-4S,MA,f_R_2,0.5,0.5,0.5,0.5,0.5,0.5,0.5,0.5,0.5,0.5
SIR-4S,MA,f_R_3,0.5,0.5,0.5,0.5,0.5,0.5,0.5,0.5,0.5,0.5
SIR-4S,MA,f_I_0,0.001,0.001,0.001,0.001,0.001,0.001,0.001,0.001,0.001,0.001
SIR-4S,MA,f_I_1,0.001,0.001,0.001,0.001,0.001,0.001,0.001,0.001,0.001,0.001
SIR-4S,MA,f_I_2,0.001,0.001,0.001,0.001,0.001,0.001,0.001,0.001,0.001,0.001
SIR-4S,MA,f_I_3,0.001,0.001,0.001,0.001,0.001,0.001,0.001,0.001,0.001,0.001
SIR-4S,MA,beta_0,0.3,0.3,0.3,0.3,0.3,0.3,0.3,0.3,0.3,0.3
SIR-4S,MA,beta_1,0.3,0.3,0.3,0.3,0.3,0.3,0.3,0.3,0.3,0.3
SIR-4S,MA,beta_2,0.3,0.3,0.3,0.3,0.3,0.3,0.3,0.3,0.3,0.3
SIR-4S,MA,beta_3,0.3,0.3,0.3,0.3,0.3,0.3,0.3,0.3,0.3,0.3
SIR-4S,MA,delta_beta_temporal_0,0.01,0.01,0.01,0.01,0.01,0.01,0.01,0.01,0.01,0.01
SIR-4S,MA,delta_beta_temporal_1,0.01,0.01,0.01,0.01,0.01,0.01,0.01,0.01,0.01,0.01
SIR-4S,MA,delta_beta_temporal_2,0.01,0.01,0.01,0.01,0.01,0.01,0.01,0.01,0.01,0.01
SIR-4S,MA,delta_beta_temporal_3,0.01,0.01,0.01,0.01,0.01,0.01,0.01,0.01,0.01,0.01
SIR-4S,MA,delta_beta_temporal_4,0.01,0.01,0.01,0.01,0.01,0.01,0.01,0.01,0.01,0.01
SIR-4S,MA,delta_beta_temporal_5,0.01,0.01,0.01,0.01,0.01,0.01,0.01,0.01,0.01,0.01
SIR-4S,MA,delta_beta_temporal_6,0.01,0.01,0.01,0.01,0.01,0.01,0.01,0.01,0.01,0.01
SIR-4S,MA,delta_beta_temporal_7,0.01,0.01,0.01,0.01,0.01,0.01,0.01,0.01,0.01,0.01
SIR-4S,MA,delta_beta_temporal_8,0.01,0.01,0.01,0.01,0.01,0.01,0.01,0.01,0.01,0.01
SIR-4S,MA,delta_beta_temporal_9,0.01,0.01,0.01,0.01,0.01,0.01,0.01,0.01,0.01,0.01
SIR-4S,MA,delta_beta_temporal_10,0.01,0.01,0.01,0.01,0.01,0.01,0.01,0.01,0.01,0.01
SIR-4S,MG,rho_report,0.5,0.5,0.5,0.5,0.5,0.5,0.5,0.5,0.5,0.5
SIR-4S,MG,f_R_0,0.5,0.5,0.5,0.5,0.5,0.5,0.5,0.5,0.5,0.5
SIR-4S,MG,f_R_1,0.5,0.5,0.5,0.5,0.5,0.5,0.5,0.5,0.5,0.5
SIR-4S,MG,f_R_2,0.5,0.5,0.5,0.5,0.5,0.5,0.5,0.5,0.5,0.5
SIR-4S,MG,f_R_3,0.5,0.5,0.5,0.5,0.5,0.5,0.5,0.5,0.5,0.5
SIR-4S,MG,f_I_0,0.001,0.001,0.001,0.001,0.001,0.001,0.001,0.001,0.001,0.001
SIR-4S,MG,f_I_1,0.001,0.001,0.001,0.001,0.001,0.001,0.001,0.001,0.001,0.001
SIR-4S,MG,f_I_2,0.001,0.001,0.001,0.001,0.001,0.001,0.001,0.001,0.001,0.001
SIR-4S,MG,f_I_3,0.001,0.001,0.001,0.001,0.001,0.001,0.001,0.001,0.001,0.001
SIR-4S,MG,beta_0,0.3,0.3,0.3,0.3,0.3,0.3,0.3,0.3,0.3,0.3
SIR-4S,MG,beta_1,0.3,0.3,0.3,0.3,0.3,0.3,0.3,0.3,0.3,0.3
SIR-4S,MG,beta_2,0.3,0.3,0.3,0.3,0.3,0.3,0.3,0.3,0.3,0.3
SIR-4S,MG,beta_3,0.3,0.3,0.3,0.3,0.3,0.3,0.3,0.3,0.3,0.3
SIR-4S,MG,delta_beta_temporal_0,0.01,0.01,0.01,0.01,0.01,0.01,0.01,0.01,0.01,0.01
SIR-4S,MG,delta_beta_temporal_1,0.01,0.01,0.01,0.01,0.01,0.01,0.01,0.01,0.01,0.01
SIR-4S,MG,delta_beta_temporal_2,0.01,0.01,0.01,0.01,0.01,0.01,0.01,0.01,0.01,0.01
SIR-4S,MG,delta_beta_temporal_3,0.01,0.01,0.01,0.01,0.01,0.01,0.01,0.01,0.01,0.01
SIR-4S,MG,delta_beta_temporal_4,0.01,0.01,0.01,0.01,0.01,0.01,0.01,0.01,0.01,0.01
SIR-4S,MG,delta_beta_temporal_5,0.01,0.01,0.01,0.01,0.01,0.01,0.01,0.01,0.01,0.01
SIR-4S,MG,delta_beta_temporal_6,0.01,0.01,0.01,0.01,0.01,0.01,0.01,0.01,0.01,0.01
SIR-4S,MG,delta_beta_temporal_7,0.01,0.01,0.01,0.01,0.01,0.01,0.01,0.01,0.01,0.01
SIR-4S,MG,delta_beta_temporal_8,0.01,0.01,0.01,0.01,0.01,0.01,0.01,0.01,0.01,0.01
SIR-4S,MG,delta_beta_temporal_9,0.01,0.01,0.01,0.01,0.01,0.01,0.01,0.01,0.01,0.01
SIR-4S,MG,delta_beta_temporal_10,0.01,0.01,0.01,0.01,0.01,0.01,0.01,0.01,0.01,0.01
SIR-4S,MS,rho_report,0.5,0.5,0.5,0.5,0.5,0.5,0.5,0.5,0.5,0.5
SIR-4S,MS,f_R_0,0.5,0.5,0.5,0.5,0.5,0.5,0.5,0.5,0.5,0.5
SIR-4S,MS,f_R_1,0.5,0.5,0.5,0.5,0.5,0.5,0.5,0.5,0.5,0.5
SIR-4S,MS,f_R_2,0.5,0.5,0.5,0.5,0.5,0.5,0.5,0.5,0.5,0.5
SIR-4S,MS,f_R_3,0.5,0.5,0.5,0.5,0.5,0.5,0.5,0.5,0.5,0.5
SIR-4S,MS,f_I_0,0.001,0.001,0.001,0.001,0.001,0.001,0.001,0.001,0.001,0.001
SIR-4S,MS,f_I_1,0.001,0.001,0.001,0.001,0.001,0.001,0.001,0.001,0.001,0.001
SIR-4S,MS,f_I_2,0.001,0.001,0.001,0.001,0.001,0.001,0.001,0.001,0.001,0.001
SIR-4S,MS,f_I_3,0.001,0.001,0.001,0.001,0.001,0.001,0.001,0.001,0.001,0.001
SIR-4S,MS,beta_0,0.3,0.3,0.3,0.3,0.3,0.3,0.3,0.3,0.3,0.3
SIR-4S,MS,beta_1,0.3,0.3,0.3,0.3,0.3,0.3,0.3,0.3,0.3,0.3
SIR-4S,MS,beta_2,0.3,0.3,0.3,0.3,0.3,0.3,0.3,0.3,0.3,0.3
SIR-4S,MS,beta_3,0.3,0.3,0.3,0.3,0.3,0.3,0.3,0.3,0.3,0.3
SIR-4S,MS,delta_beta_temporal_0,0.01,0.01,0.01,0.01,0.01,0.01,0.01,0.01,0.01,0.01
SIR-4S,MS,delta_beta_temporal_1,0.01,0.01,0.01,0.01,0.01,0.01,0.01,0.01,0.01,0.01
SIR-4S,MS,delta_beta_temporal_2,0.01,0.01,0.01,0.01,0.01,0.01,0.01,0.01,0.01,0.01
SIR-4S,MS,delta_beta_temporal_3,0.01,0.01,0.01,0.01,0.01,0.01,0.01,0.01,0.01,0.01
SIR-4S,MS,delta_beta_temporal_4,0.01,0.01,0.01,0.01,0.01,0.01,0.01,0.01,0.01,0.01
SIR-4S,MS,delta_beta_temporal_5,0.01,0.01,0.01,0.01,0.01,0.01,0.01,0.01,0.01,0.01
SIR-4S,MS,delta_beta_temporal_6,0.01,0.01,0.01,0.01,0.01,0.01,0.01,0.01,0.01,0.01
SIR-4S,MS,delta_beta_temporal_7,0.01,0.01,0.01,0.01,0.01,0.01,0.01,0.01,0.01,0.01
SIR-4S,MS,delta_beta_temporal_8,0.01,0.01,0.01,0.01,0.01,0.01,0.01,0.01,0.01,0.01
SIR-4S,MS,delta_beta_temporal_9,0.01,0.01,0.01,0.01,0.01,0.01,0.01,0.01,0.01,0.01
SIR-4S,MS,delta_beta_temporal_10,0.01,0.01,0.01,0.01,0.01,0.01,0.01,0.01,0.01,0.01
SIR-4S,MT,rho_report,0.5,0.5,0.5,0.5,0.5,0.5,0.5,0.5,0.5,0.5
SIR-4S,MT,f_R_0,0.5,0.5,0.5,0.5,0.5,0.5,0.5,0.5,0.5,0.5
SIR-4S,MT,f_R_1,0.5,0.5,0.5,0.5,0.5,0.5,0.5,0.5,0.5,0.5
SIR-4S,MT,f_R_2,0.5,0.5,0.5,0.5,0.5,0.5,0.5,0.5,0.5,0.5
SIR-4S,MT,f_R_3,0.5,0.5,0.5,0.5,0.5,0.5,0.5,0.5,0.5,0.5
SIR-4S,MT,f_I_0,0.001,0.001,0.001,0.001,0.001,0.001,0.001,0.001,0.001,0.001
SIR-4S,MT,f_I_1,0.001,0.001,0.001,0.001,0.001,0.001,0.001,0.001,0.001,0.001
SIR-4S,MT,f_I_2,0.001,0.001,0.001,0.001,0.001,0.001,0.001,0.001,0.001,0.001
SIR-4S,MT,f_I_3,0.001,0.001,0.001,0.001,0.001,0.001,0.001,0.001,0.001,0.001
SIR-4S,MT,beta_0,0.3,0.3,0.3,0.3,0.3,0.3,0.3,0.3,0.3,0.3
SIR-4S,MT,beta_1,0.3,0.3,0.3,0.3,0.3,0.3,0.3,0.3,0.3,0.3
SIR-4S,MT,beta_2,0.3,0.3,0.3,0.3,0.3,0.3,0.3,0.3,0.3,0.3
SIR-4S,MT,beta_3,0.3,0.3,0.3,0.3,0.3,0.3,0.3,0.3,0.3,0.3
SIR-4S,MT,delta_beta_temporal_0,0.01,0.01,0.01,0.01,0.01,0.01,0.01,0.01,0.01,0.01
SIR-4S,MT,delta_beta_temporal_1,0.01,0.01,0.01,0.01,0.01,0.01,0.01,0.01,0.01,0.01
SIR-4S,MT,delta_beta_temporal_2,0.01,0.01,0.01,0.01,0.01,0.01,0.01,0.01,0.01,0.01
SIR-4S,MT,delta_beta_temporal_3,0.01,0.01,0.01,0.01,0.01,0.01,0.01,0.01,0.01,0.01
SIR-4S,MT,delta_beta_temporal_4,0.01,0.01,0.01,0.01,0.01,0.01,0.01,0.01,0.01,0.01
SIR-4S,MT,delta_beta_temporal_5,0.01,0.01,0.01,0.01,0.01,0.01,0.01,0.01,0.01,0.01
SIR-4S,MT,delta_beta_temporal_6,0.01,0.01,0.01,0.01,0.01,0.01,0.01,0.01,0.01,0.01
SIR-4S,MT,delta_beta_temporal_7,0.01,0.01,0.01,0.01,0.01,0.01,0.01,0.01,0.01,0.01
SIR-4S,MT,delta_beta_temporal_8,0.01,0.01,0.01,0.01,0.01,0.01,0.01,0.01,0.01,0.01
SIR-4S,MT,delta_beta_temporal_9,0.01,0.01,0.01,0.01,0.01,0.01,0.01,0.01,0.01,0.01
SIR-4S,MT,delta_beta_temporal_10,0.01,0.01,0.01,0.01,0.01,0.01,0.01,0.01,0.01,0.01
SIR-4S,PA,rho_report,0.5,0.5,0.5,0.5,0.5,0.5,0.5,0.5,0.5,0.5
SIR-4S,PA,f_R_0,0.5,0.5,0.5,0.5,0.5,0.5,0.5,0.5,0.5,0.5
SIR-4S,PA,f_R_1,0.5,0.5,0.5,0.5,0.5,0.5,0.5,0.5,0.5,0.5
SIR-4S,PA,f_R_2,0.5,0.5,0.5,0.5,0.5,0.5,0.5,0.5,0.5,0.5
SIR-4S,PA,f_R_3,0.5,0.5,0.5,0.5,0.5,0.5,0.5,0.5,0.5,0.5
SIR-4S,PA,f_I_0,0.001,0.001,0.001,0.001,0.001,0.001,0.001,0.001,0.001,0.001
SIR-4S,PA,f_I_1,0.001,0.001,0.001,0.001,0.001,0.001,0.001,0.001,0.001,0.001
SIR-4S,PA,f_I_2,0.001,0.001,0.001,0.001,0.001,0.001,0.001,0.001,0.001,0.001
SIR-4S,PA,f_I_3,0.001,0.001,0.001,0.001,0.001,0.001,0.001,0.001,0.001,0.001
SIR-4S,PA,beta_0,0.3,0.3,0.3,0.3,0.3,0.3,0.3,0.3,0.3,0.3
SIR-4S,PA,beta_1,0.3,0.3,0.3,0.3,0.3,0.3,0.3,0.3,0.3,0.3
SIR-4S,PA,beta_2,0.3,0.3,0.3,0.3,0.3,0.3,0.3,0.3,0.3,0.3
SIR-4S,PA,beta_3,0.3,0.3,0.3,0.3,0.3,0.3,0.3,0.3,0.3,0.3
SIR-4S,PA,delta_beta_temporal_0,0.01,0.01,0.01,0.01,0.01,0.01,0.01,0.01,0.01,0.01
SIR-4S,PA,delta_beta_temporal_1,0.01,0.01,0.01,0.01,0.01,0.01,0.01,0.01,0.01,0.01
SIR-4S,PA,delta_beta_temporal_2,0.01,0.01,0.01,0.01,0.01,0.01,0.01,0.01,0.01,0.01
SIR-4S,PA,delta_beta_temporal_3,0.01,0.01,0.01,0.01,0.01,0.01,0.01,0.01,0.01,0.01
SIR-4S,PA,delta_beta_temporal_4,0.01,0.01,0.01,0.01,0.01,0.01,0.01,0.01,0.01,0.01
SIR-4S,PA,delta_beta_temporal_5,0.01,0.01,0.01,0.01,0.01,0.01,0.01,0.01,0.01,0.01
SIR-4S,PA,delta_beta_temporal_6,0.01,0.01,0.01,0.01,0.01,0.01,0.01,0.01,0.01,0.01
SIR-4S,PA,delta_beta_temporal_7,0.01,0.01,0.01,0.01,0.01,0.01,0.01,0.01,0.01,0.01
SIR-4S,PA,delta_beta_temporal_8,0.01,0.01,0.01,0.01,0.01,0.01,0.01,0.01,0.01,0.01
SIR-4S,PA,delta_beta_temporal_9,0.01,0.01,0.01,0.01,0.01,0.01,0.01,0.01,0.01,0.01
SIR-4S,PA,delta_beta_temporal_10,0.01,0.01,0.01,0.01,0.01,0.01,0.01,0.01,0.01,0.01
SIR-4S,PB,rho_report,0.5,0.5,0.5,0.5,0.5,0.5,0.5,0.5,0.5,0.5
SIR-4S,PB,f_R_0,0.5,0.5,0.5,0.5,0.5,0.5,0.5,0.5,0.5,0.5
SIR-4S,PB,f_R_1,0.5,0.5,0.5,0.5,0.5,0.5,0.5,0.5,0.5,0.5
SIR-4S,PB,f_R_2,0.5,0.5,0.5,0.5,0.5,0.5,0.5,0.5,0.5,0.5
SIR-4S,PB,f_R_3,0.5,0.5,0.5,0.5,0.5,0.5,0.5,0.5,0.5,0.5
SIR-4S,PB,f_I_0,0.001,0.001,0.001,0.001,0.001,0.001,0.001,0.001,0.001,0.001
SIR-4S,PB,f_I_1,0.001,0.001,0.001,0.001,0.001,0.001,0.001,0.001,0.001,0.001
SIR-4S,PB,f_I_2,0.001,0.001,0.001,0.001,0.001,0.001,0.001,0.001,0.001,0.001
SIR-4S,PB,f_I_3,0.001,0.001,0.001,0.001,0.001,0.001,0.001,0.001,0.001,0.001
SIR-4S,PB,beta_0,0.3,0.3,0.3,0.3,0.3,0.3,0.3,0.3,0.3,0.3
SIR-4S,PB,beta_1,0.3,0.3,0.3,0.3,0.3,0.3,0.3,0.3,0.3,0.3
SIR-4S,PB,beta_2,0.3,0.3,0.3,0.3,0.3,0.3,0.3,0.3,0.3,0.3
SIR-4S,PB,beta_3,0.3,0.3,0.3,0.3,0.3,0.3,0.3,0.3,0.3,0.3
SIR-4S,PB,delta_beta_temporal_0,0.01,0.01,0.01,0.01,0.01,0.01,0.01,0.01,0.01,0.01
SIR-4S,PB,delta_beta_temporal_1,0.01,0.01,0.01,0.01,0.01,0.01,0.01,0.01,0.01,0.01
SIR-4S,PB,delta_beta_temporal_2,0.01,0.01,0.01,0.01,0.01,0.01,0.01,0.01,0.01,0.01
SIR-4S,PB,delta_beta_temporal_3,0.01,0.01,0.01,0.01,0.01,0.01,0.01,0.01,0.01,0.01
SIR-4S,PB,delta_beta_temporal_4,0.01,0.01,0.01,0.01,0.01,0.01,0.01,0.01,0.01,0.01
SIR-4S,PB,delta_beta_temporal_5,0.01,0.01,0.01,0.01,0.01,0.01,0.01,0.01,0.01,0.01
SIR-4S,PB,delta_beta_temporal_6,0.01,0.01,0.01,0.01,0.01,0.01,0.01,0.01,0.01,0.01
SIR-4S,PB,delta_beta_temporal_7,0.01,0.01,0.01,0.01,0.01,0.01,0.01,0.01,0.01,0.01
SIR-4S,PB,delta_beta_temporal_8,0.01,0.01,0.01,0.01,0.01,0.01,0.01,0.01,0.01,0.01
SIR-4S,PB,delta_beta_temporal_9,0.01,0.01,0.01,0.01,0.01,0.01,0.01,0.01,0.01,0.01
SIR-4S,PB,delta_beta_temporal_10,0.01,0.01,0.01,0.01,0.01,0.01,0.01,0.01,0.01,0.01
SIR-4S,PE,rho_report,0.5,0.5,0.5,0.5,0.5,0.5,0.5,0.5,0.5,0.5
SIR-4S,PE,f_R_0,0.5,0.5,0.5,0.5,0.5,0.5,0.5,0.5,0.5,0.5
SIR-4S,PE,f_R_1,0.5,0.5,0.5,0.5,0.5,0.5,0.5,0.5,0.5,0.5
SIR-4S,PE,f_R_2,0.5,0.5,0.5,0.5,0.5,0.5,0.5,0.5,0.5,0.5
SIR-4S,PE,f_R_3,0.5,0.5,0.5,0.5,0.5,0.5,0.5,0.5,0.5,0.5
SIR-4S,PE,f_I_0,0.001,0.001,0.001,0.001,0.001,0.001,0.001,0.001,0.001,0.001
SIR-4S,PE,f_I_1,0.001,0.001,0.001,0.001,0.001,0.001,0.001,0.001,0.001,0.001
SIR-4S,PE,f_I_2,0.001,0.001,0.001,0.001,0.001,0.001,0.001,0.001,0.001,0.001
SIR-4S,PE,f_I_3,0.001,0.001,0.001,0.001,0.001,0.001,0.001,0.001,0.001,0.001
SIR-4S,PE,beta_0,0.3,0.3,0.3,0.3,0.3,0.3,0.3,0.3,0.3,0.3
SIR-4S,PE,beta_1,0.3,0.3,0.3,0.3,0.3,0.3,0.3,0.3,0.3,0.3
SIR-4S,PE,beta_2,0.3,0.3,0.3,0.3,0.3,0.3,0.3,0.3,0.3,0.3
SIR-4S,PE,beta_3,0.3,0.3,0.3,0.3,0.3,0.3,0.3,0.3,0.3,0.3
SIR-4S,PE,delta_beta_temporal_0,0.01,0.01,0.01,0.01,0.01,0.01,0.01,0.01,0.01,0.01
SIR-4S,PE,delta_beta_temporal_1,0.01,0.01,0.01,0.01,0.01,0.01,0.01,0.01,0.01,0.01
SIR-4S,PE,delta_beta_temporal_2,0.01,0.01,0.01,0.01,0.01,0.01,0.01,0.01,0.01,0.01
SIR-4S,PE,delta_beta_temporal_3,0.01,0.01,0.01,0.01,0.01,0.01,0.01,0.01,0.01,0.01
SIR-4S,PE,delta_beta_temporal_4,0.01,0.01,0.01,0.01,0.01,0.01,0.01,0.01,0.01,0.01
SIR-4S,PE,delta_beta_temporal_5,0.01,0.01,0.01,0.01,0.01,0.01,0.01,0.01,0.01,0.01
SIR-4S,PE,delta_beta_temporal_6,0.01,0.01,0.01,0.01,0.01,0.01,0.01,0.01,0.01,0.01
SIR-4S,PE,delta_beta_temporal_7,0.01,0.01,0.01,0.01,0.01,0.01,0.01,0.01,0.01,0.01
SIR-4S,PE,delta_beta_temporal_8,0.01,0.01,0.01,0.01,0.01,0.01,0.01,0.01,0.01,0.01
SIR-4S,PE,delta_beta_temporal_9,0.01,0.01,0.01,0.01,0.01,0.01,0.01,0.01,0.01,0.01
SIR-4S,PE,delta_beta_temporal_10,0.01,0.01,0.01,0.01,0.01,0.01,0.01,0.01,0.01,0.01
SIR-4S,PI,rho_report,0.5,0.5,0.5,0.5,0.5,0.5,0.5,0.5,0.5,0.5
SIR-4S,PI,f_R_0,0.5,0.5,0.5,0.5,0.5,0.5,0.5,0.5,0.5,0.5
SIR-4S,PI,f_R_1,0.5,0.5,0.5,0.5,0.5,0.5,0.5,0.5,0.5,0.5
SIR-4S,PI,f_R_2,0.5,0.5,0.5,0.5,0.5,0.5,0.5,0.5,0.5,0.5
SIR-4S,PI,f_R_3,0.5,0.5,0.5,0.5,0.5,0.5,0.5,0.5,0.5,0.5
SIR-4S,PI,f_I_0,0.001,0.001,0.001,0.001,0.001,0.001,0.001,0.001,0.001,0.001
SIR-4S,PI,f_I_1,0.001,0.001,0.001,0.001,0.001,0.001,0.001,0.001,0.001,0.001
SIR-4S,PI,f_I_2,0.001,0.001,0.001,0.001,0.001,0.001,0.001,0.001,0.001,0.001
SIR-4S,PI,f_I_3,0.001,0.001,0.001,0.001,0.001,0.001,0.001,0.001,0.001,0.001
SIR-4S,PI,beta_0,0.3,0.3,0.3,0.3,0.3,0.3,0.3,0.3,0.3,0.3
SIR-4S,PI,beta_1,0.3,0.3,0.3,0.3,0.3,0.3,0.3,0.3,0.3,0.3
SIR-4S,PI,beta_2,0.3,0.3,0.3,0.3,0.3,0.3,0.3,0.3,0.3,0.3
SIR-4S,PI,beta_3,0.3,0.3,0.3,0.3,0.3,0.3,0.3,0.3,0.3,0.3
SIR-4S,PI,delta_beta_temporal_0,0.01,0.01,0.01,0.01,0.01,0.01,0.01,0.01,0.01,0.01
SIR-4S,PI,delta_beta_temporal_1,0.01,0.01,0.01,0.01,0.01,0.01,0.01,0.01,0.01,0.01
SIR-4S,PI,delta_beta_temporal_2,0.01,0.01,0.01,0.01,0.01,0.01,0.01,0.01,0.01,0.01
SIR-4S,PI,delta_beta_temporal_3,0.01,0.01,0.01,0.01,0.01,0.01,0.01,0.01,0.01,0.01
SIR-4S,PI,delta_beta_temporal_4,0.01,0.01,0.01,0.01,0.01,0.01,0.01,0.01,0.01,0.01
SIR-4S,PI,delta_beta_temporal_5,0.01,0.01,0.01,0.01,0.01,0.01,0.01,0.01,0.01,0.01
SIR-4S,PI,delta_beta_temporal_6,0.01,0.01,0.01,0.01,0.01,0.01,0.01,0.01,0.01,0.01
SIR-4S,PI,delta_beta_temporal_7,0.01,0.01,0.01,0.01,0.01,0.01,0.01,0.01,0.01,0.01
SIR-4S,PI,delta_beta_temporal_8,0.01,0.01,0.01,0.01,0.01,0.01,0.01,0.01,0.01,0.01
SIR-4S,PI,delta_beta_temporal_9,0.01,0.01,0.01,0.01,0.01,0.01,0.01,0.01,0.01,0.01
SIR-4S,PI,delta_beta_temporal_10,0.01,0.01,0.01,0.01,0.01,0.01,0.01,0.01,0.01,0.01
SIR-4S,PR,rho_report,0.5,0.5,0.5,0.5,0.5,0.5,0.5,0.5,0.5,0.5
SIR-4S,PR,f_R_0,0.5,0.5,0.5,0.5,0.5,0.5,0.5,0.5,0.5,0.5
SIR-4S,PR,f_R_1,0.5,0.5,0.5,0.5,0.5,0.5,0.5,0.5,0.5,0.5
SIR-4S,PR,f_R_2,0.5,0.5,0.5,0.5,0.5,0.5,0.5,0.5,0.5,0.5
SIR-4S,PR,f_R_3,0.5,0.5,0.5,0.5,0.5,0.5,0.5,0.5,0.5,0.5
SIR-4S,PR,f_I_0,0.001,0.001,0.001,0.001,0.001,0.001,0.001,0.001,0.001,0.001
SIR-4S,PR,f_I_1,0.001,0.001,0.001,0.001,0.001,0.001,0.001,0.001,0.001,0.001
SIR-4S,PR,f_I_2,0.001,0.001,0.001,0.001,0.001,0.001,0.001,0.001,0.001,0.001
SIR-4S,PR,f_I_3,0.001,0.001,0.001,0.001,0.001,0.001,0.001,0.001,0.001,0.001
SIR-4S,PR,beta_0,0.3,0.3,0.3,0.3,0.3,0.3,0.3,0.3,0.3,0.3
SIR-4S,PR,beta_1,0.3,0.3,0.3,0.3,0.3,0.3,0.3,0.3,0.3,0.3
SIR-4S,PR,beta_2,0.3,0.3,0.3,0.3,0.3,0.3,0.3,0.3,0.3,0.3
SIR-4S,PR,beta_3,0.3,0.3,0.3,0.3,0.3,0.3,0.3,0.3,0.3,0.3
SIR-4S,PR,delta_beta_temporal_0,0.01,0.01,0.01,0.01,0.01,0.01,0.01,0.01,0.01,0.01
SIR-4S,PR,delta_beta_temporal_1,0.01,0.01,0.01,0.01,0.01,0.01,0.01,0.01,0.01,0.01
SIR-4S,PR,delta_beta_temporal_2,0.01,0.01,0.01,0.01,0.01,0.01,0.01,0.01,0.01,0.01
SIR-4S,PR,delta_beta_temporal_3,0.01,0.01,0.01,0.01,0.01,0.01,0.01,0.01,0.01,0.01
SIR-4S,PR,delta_beta_temporal_4,0.01,0.01,0.01,0.01,0.01,0.01,0.01,0.01,0.01,0.01
SIR-4S,PR,delta_beta_temporal_5,0.01,0.01,0.01,0.01,0.01,0.01,0.01,0.01,0.01,0.01
SIR-4S,PR,delta_beta_temporal_6,0.01,0.01,0.01,0.01,0.01,0.01,0.01,0.01,0.01,0.01
SIR-4S,PR,delta_beta_temporal_7,0.01,0.01,0.01,0.01,0.01,0.01,0.01,0.01,0.01,0.01
SIR-4S,PR,delta_beta_temporal_8,0.01,0.01,0.01,0.01,0.01,0.01,0.01,0.01,0.01,0.01
SIR-4S,PR,delta_beta_temporal_9,0.01,0.01,0.01,0.01,0.01,0.01,0.01,0.01,0.01,0.01
SIR-4S,PR,delta_beta_temporal_10,0.01,0.01,0.01,0.01,0.01,0.01,0.01,0.01,0.01,0.01
SIR-4S,RJ,rho_report,0.5,0.5,0.5,0.5,0.5,0.5,0.5,0.5,0.5,0.5
SIR-4S,RJ,f_R_0,0.5,0.5,0.5,0.5,0.5,0.5,0.5,0.5,0.5,0.5
SIR-4S,RJ,f_R_1,0.5,0.5,0.5,0.5,0.5,0.5,0.5,0.5,0.5,0.5
SIR-4S,RJ,f_R_2,0.5,0.5,0.5,0.5,0.5,0.5,0.5,0.5,0.5,0.5
SIR-4S,RJ,f_R_3,0.5,0.5,0.5,0.5,0.5,0.5,0.5,0.5,0.5,0.5
SIR-4S,RJ,f_I_0,0.001,0.001,0.001,0.001,0.001,0.001,0.001,0.001,0.001,0.001
SIR-4S,RJ,f_I_1,0.001,0.001,0.001,0.001,0.001,0.001,0.001,0.001,0.001,0.001
SIR-4S,RJ,f_I_2,0.001,0.001,0.001,0.001,0.001,0.001,0.001,0.001,0.001,0.001
SIR-4S,RJ,f_I_3,0.001,0.001,0.001,0.001,0.001,0.001,0.001,0.001,0.001,0.001
SIR-4S,RJ,beta_0,0.3,0.3,0.3,0.3,0.3,0.3,0.3,0.3,0.3,0.3
SIR-4S,RJ,beta_1,0.3,0.3,0.3,0.3,0.3,0.3,0.3,0.3,0.3,0.3
SIR-4S,RJ,beta_2,0.3,0.3,0.3,0.3,0.3,0.3,0.3,0.3,0.3,0.3
SIR-4S,RJ,beta_3,0.3,0.3,0.3,0.3,0.3,0.3,0.3,0.3,0.3,0.3
SIR-4S,RJ,delta_beta_temporal_0,0.01,0.01,0.01,0.01,0.01,0.01,0.01,0.01,0.01,0.01
SIR-4S,RJ,delta_beta_temporal_1,0.01,0.01,0.01,0.01,0.01,0.01,0.01,0.01,0.01,0.01
SIR-4S,RJ,delta_beta_temporal_2,0.01,0.01,0.01,0.01,0.01,0.01,0.01,0.01,0.01,0.01
SIR-4S,RJ,delta_beta_temporal_3,0.01,0.01,0.01,0.01,0.01,0.01,0.01,0.01,0.01,0.01
SIR-4S,RJ,delta_beta_temporal_4,0.01,0.01,0.01,0.01,0.01,0.01,0.01,0.01,0.01,0.01
SIR-4S,RJ,delta_beta_temporal_5,0.01,0.01,0.01,0.01,0.01,0.01,0.01,0.01,0.01,0.01
SIR-4S,RJ,delta_beta_temporal_6,0.01,0.01,0.01,0.01,0.01,0.01,0.01,0.01,0.01,0.01
SIR-4S,RJ,delta_beta_temporal_7,0.01,0.01,0.01,0.01,0.01,0.01,0.01,0.01,0.01,0.01
SIR-4S,RJ,delta_beta_temporal_8,0.01,0.01,0.01,0.01,0.01,0.01,0.01,0.01,0.01,0.01
SIR-4S,RJ,delta_beta_temporal_9,0.01,0.01,0.01,0.01,0.01,0.01,0.01,0.01,0.01,0.01
SIR-4S,RJ,delta_beta_temporal_10,0.01,0.01,0.01,0.01,0.01,0.01,0.01,0.01,0.01,0.01
SIR-4S,RN,rho_report,0.5,0.5,0.5,0.5,0.5,0.5,0.5,0.5,0.5,0.5
SIR-4S,RN,f_R_0,0.5,0.5,0.5,0.5,0.5,0.5,0.5,0.5,0.5,0.5
SIR-4S,RN,f_R_1,0.5,0.5,0.5,0.5,0.5,0.5,0.5,0.5,0.5,0.5
SIR-4S,RN,f_R_2,0.5,0.5,0.5,0.5,0.5,0.5,0.5,0.5,0.5,0.5
SIR-4S,RN,f_R_3,0.5,0.5,0.5,0.5,0.5,0.5,0.5,0.5,0.5,0.5
SIR-4S,RN,f_I_0,0.001,0.001,0.001,0.001,0.001,0.001,0.001,0.001,0.001,0.001
SIR-4S,RN,f_I_1,0.001,0.001,0.001,0.001,0.001,0.001,0.001,0.001,0.001,0.001
SIR-4S,RN,f_I_2,0.001,0.001,0.001,0.001,0.001,0.001,0.001,0.001,0.001,0.001
SIR-4S,RN,f_I_3,0.001,0.001,0.001,0.001,0.001,0.001,0.001,0.001,0.001,0.001
SIR-4S,RN,beta_0,0.3,0.3,0.3,0.3,0.3,0.3,0.3,0.3,0.3,0.3
SIR-4S,RN,beta_1,0.3,0.3,0.3,0.3,0.3,0.3,0.3,0.3,0.3,0.3
SIR-4S,RN,beta_2,0.3,0.3,0.3,0.3,0.3,0.3,0.3,0.3,0.3,0.3
SIR-4S,RN,beta_3,0.3,0.3,0.3,0.3,0.3,0.3,0.3,0.3,0.3,0.3
SIR-4S,RN,delta_beta_temporal_0,0.01,0.01,0.01,0.01,0.01,0.01,0.01,0.01,0.01,0.01
SIR-4S,RN,delta_beta_temporal_1,0.01,0.01,0.01,0.01,0.01,0.01,0.01,0.01,0.01,0.01
SIR-4S,RN,delta_beta_temporal_2,0.01,0.01,0.01,0.01,0.01,0.01,0.01,0.01,0.01,0.01
SIR-4S,RN,delta_beta_temporal_3,0.01,0.01,0.01,0.01,0.01,0.01,0.01,0.01,0.01,0.01
SIR-4S,RN,delta_beta_temporal_4,0.01,0.01,0.01,0.01,0.01,0.01,0.01,0.01,0.01,0.01
SIR-4S,RN,delta_beta_temporal_5,0.01,0.01,0.01,0.01,0.01,0.01,0.01,0.01,0.01,0.01
SIR-4S,RN,delta_beta_temporal_6,0.01,0.01,0.01,0.01,0.01,0.01,0.01,0.01,0.01,0.01
SIR-4S,RN,delta_beta_temporal_7,0.01,0.01,0.01,0.01,0.01,0.01,0.01,0.01,0.01,0.01
SIR-4S,RN,delta_beta_temporal_8,0.01,0.01,0.01,0.01,0.01,0.01,0.01,0.01,0.01,0.01
SIR-4S,RN,delta_beta_temporal_9,0.01,0.01,0.01,0.01,0.01,0.01,0.01,0.01,0.01,0.01
SIR-4S,RN,delta_beta_temporal_10,0.01,0.01,0.01,0.01,0.01,0.01,0.01,0.01,0.01,0.01
SIR-4S,RO,rho_report,0.5,0.5,0.5,0.5,0.5,0.5,0.5,0.5,0.5,0.5
SIR-4S,RO,f_R_0,0.5,0.5,0.5,0.5,0.5,0.5,0.5,0.5,0.5,0.5
SIR-4S,RO,f_R_1,0.5,0.5,0.5,0.5,0.5,0.5,0.5,0.5,0.5,0.5
SIR-4S,RO,f_R_2,0.5,0.5,0.5,0.5,0.5,0.5,0.5,0.5,0.5,0.5
SIR-4S,RO,f_R_3,0.5,0.5,0.5,0.5,0.5,0.5,0.5,0.5,0.5,0.5
SIR-4S,RO,f_I_0,0.001,0.001,0.001,0.001,0.001,0.001,0.001,0.001,0.001,0.001
SIR-4S,RO,f_I_1,0.001,0.001,0.001,0.001,0.001,0.001,0.001,0.001,0.001,0.001
SIR-4S,RO,f_I_2,0.001,0.001,0.001,0.001,0.001,0.001,0.001,0.001,0.001,0.001
SIR-4S,RO,f_I_3,0.001,0.001,0.001,0.001,0.001,0.001,0.001,0.001,0.001,0.001
SIR-4S,RO,beta_0,0.3,0.3,0.3,0.3,0.3,0.3,0.3,0.3,0.3,0.3
SIR-4S,RO,beta_1,0.3,0.3,0.3,0.3,0.3,0.3,0.3,0.3,0.3,0.3
SIR-4S,RO,beta_2,0.3,0.3,0.3,0.3,0.3,0.3,0.3,0.3,0.3,0.3
SIR-4S,RO,beta_3,0.3,0.3,0.3,0.3,0.3,0.3,0.3,0.3,0.3,0.3
SIR-4S,RO,delta_beta_temporal_0,0.01,0.01,0.01,0.01,0.01,0.01,0.01,0.01,0.01,0.01
SIR-4S,RO,delta_beta_temporal_1,0.01,0.01,0.01,0.01,0.01,0.01,0.01,0.01,0.01,0.01
SIR-4S,RO,delta_beta_temporal_2,0.01,0.01,0.01,0.01,0.01,0.01,0.01,0.01,0.01,0.01
SIR-4S,RO,delta_beta_temporal_3,0.01,0.01,0.01,0.01,0.01,0.01,0.01,0.01,0.01,0.01
SIR-4S,RO,delta_beta_temporal_4,0.01,0.01,0.01,0.01,0.01,0.01,0.01,0.01,0.01,0.01
SIR-4S,RO,delta_beta_temporal_5,0.01,0.01,0.01,0.01,0.01,0.01,0.01,0.01,0.01,0.01
SIR-4S,RO,delta_beta_temporal_6,0.01,0.01,0.01,0.01,0.01,0.01,0.01,0.01,0.01,0.01
SIR-4S,RO,delta_beta_temporal_7,0.01,0.01,0.01,0.01,0.01,0.01,0.01,0.01,0.01,0.01
SIR-4S,RO,delta_beta_temporal_8,0.01,0.01,0.01,0.01,0.01,0.01,0.01,0.01,0.01,0.01
SIR-4S,RO,delta_beta_temporal_9,0.01,0.01,0.01,0.01,0.01,0.01,0.01,0.01,0.01,0.01
SIR-4S,RO,delta_beta_temporal_10,0.01,0.01,0.01,0.01,0.01,0.01,0.01,0.01,0.01,0.01
SIR-4S,RR,rho_report,0.5,0.5,0.5,0.5,0.5,0.5,0.5,0.5,0.5,0.5
SIR-4S,RR,f_R_0,0.5,0.5,0.5,0.5,0.5,0.5,0.5,0.5,0.5,0.5
SIR-4S,RR,f_R_1,0.5,0.5,0.5,0.5,0.5,0.5,0.5,0.5,0.5,0.5
SIR-4S,RR,f_R_2,0.5,0.5,0.5,0.5,0.5,0.5,0.5,0.5,0.5,0.5
SIR-4S,RR,f_R_3,0.5,0.5,0.5,0.5,0.5,0.5,0.5,0.5,0.5,0.5
SIR-4S,RR,f_I_0,0.001,0.001,0.001,0.001,0.001,0.001,0.001,0.001,0.001,0.001
SIR-4S,RR,f_I_1,0.001,0.001,0.001,0.001,0.001,0.001,0.001,0.001,0.001,0.001
SIR-4S,RR,f_I_2,0.001,0.001,0.001,0.001,0.001,0.001,0.001,0.001,0.001,0.001
SIR-4S,RR,f_I_3,0.001,0.001,0.001,0.001,0.001,0.001,0.001,0.001,0.001,0.001
SIR-4S,RR,beta_0,0.3,0.3,0.3,0.3,0.3,0.3,0.3,0.3,0.3,0.3
SIR-4S,RR,beta_1,0.3,0.3,0.3,0.3,0.3,0.3,0.3,0.3,0.3,0.3
SIR-4S,RR,beta_2,0.3,0.3,0.3,0.3,0.3,0.3,0.3,0.3,0.3,0.3
SIR-4S,RR,beta_3,0.3,0.3,0.3,0.3,0.3,0.3,0.3,0.3,0.3,0.3
SIR-4S,RR,delta_beta_temporal_0,0.01,0.01,0.01,0.01,0.01,0.01,0.01,0.01,0.01,0.01
SIR-4S,RR,delta_beta_temporal_1,0.01,0.01,0.01,0.01,0.01,0.01,0.01,0.01,0.01,0.01
SIR-4S,RR,delta_beta_temporal_2,0.01,0.01,0.01,0.01,0.01,0.01,0.01,0.01,0.01,0.01
SIR-4S,RR,delta_beta_temporal_3,0.01,0.01,0.01,0.01,0.01,0.01,0.01,0.01,0.01,0.01
SIR-4S,RR,delta_beta_temporal_4,0.01,0.01,0.01,0.01,0.01,0.01,0.01,0.01,0.01,0.01
SIR-4S,RR,delta_beta_temporal_5,0.01,0.01,0.01,0.01,0.01,0.01,0.01,0.01,0.01,0.01
SIR-4S,RR,delta_beta_temporal_6,0.01,0.01,0.01,0.01,0.01,0.01,0.01,0.01,0.01,0.01
SIR-4S,RR,delta_beta_temporal_7,0.01,0.01,0.01,0.01,0.01,0.01,0.01,0.01,0.01,0.01
SIR-4S,RR,delta_beta_temporal_8,0.01,0.01,0.01,0.01,0.01,0.01,0.01,0.01,0.01,0.01
SIR-4S,RR,delta_beta_temporal_9,0.01,0.01,0.01,0.01,0.01,0.01,0.01,0.01,0.01,0.01
SIR-4S,RR,delta_beta_temporal_10,0.01,0.01,0.01,0.01,0.01,0.01,0.01,0.01,0.01,0.01
SIR-4S,RS,rho_report,0.5,0.5,0.5,0.5,0.5,0.5,0.5,0.5,0.5,0.5
SIR-4S,RS,f_R_0,0.5,0.5,0.5,0.5,0.5,0.5,0.5,0.5,0.5,0.5
SIR-4S,RS,f_R_1,0.5,0.5,0.5,0.5,0.5,0.5,0.5,0.5,0.5,0.5
SIR-4S,RS,f_R_2,0.5,0.5,0.5,0.5,0.5,0.5,0.5,0.5,0.5,0.5
SIR-4S,RS,f_R_3,0.5,0.5,0.5,0.5,0.5,0.5,0.5,0.5,0.5,0.5
SIR-4S,RS,f_I_0,0.001,0.001,0.001,0.001,0.001,0.001,0.001,0.001,0.001,0.001
SIR-4S,RS,f_I_1,0.001,0.001,0.001,0.001,0.001,0.001,0.001,0.001,0.001,0.001
SIR-4S,RS,f_I_2,0.001,0.001,0.001,0.001,0.001,0.001,0.001,0.001,0.001,0.001
SIR-4S,RS,f_I_3,0.001,0.001,0.001,0.001,0.001,0.001,0.001,0.001,0.001,0.001
SIR-4S,RS,beta_0,0.3,0.3,0.3,0.3,0.3,0.3,0.3,0.3,0.3,0.3
SIR-4S,RS,beta_1,0.3,0.3,0.3,0.3,0.3,0.3,0.3,0.3,0.3,0.3
SIR-4S,RS,beta_2,0.3,0.3,0.3,0.3,0.3,0.3,0.3,0.3,0.3,0.3
SIR-4S,RS,beta_3,0.3,0.3,0.3,0.3,0.3,0.3,0.3,0.3,0.3,0.3
SIR-4S,RS,delta_beta_temporal_0,0.01,0.01,0.01,0.01,0.01,0.01,0.01,0.01,0.01,0.01
SIR-4S,RS,delta_beta_temporal_1,0.01,0.01,0.01,0.01,0.01,0.01,0.01,0.01,0.01,0.01
SIR-4S,RS,delta_beta_temporal_2,0.01,0.01,0.01,0.01,0.01,0.01,0.01,0.01,0.01,0.01
SIR-4S,RS,delta_beta_temporal_3,0.01,0.01,0.01,0.01,0.01,0.01,0.01,0.01,0.01,0.01
SIR-4S,RS,delta_beta_temporal_4,0.01,0.01,0.01,0.01,0.01,0.01,0.01,0.01,0.01,0.01
SIR-4S,RS,delta_beta_temporal_5,0.01,0.01,0.01,0.01,0.01,0.01,0.01,0.01,0.01,0.01
SIR-4S,RS,delta_beta_temporal_6,0.01,0.01,0.01,0.01,0.01,0.01,0.01,0.01,0.01,0.01
SIR-4S,RS,delta_beta_temporal_7,0.01,0.01,0.01,0.01,0.01,0.01,0.01,0.01,0.01,0.01
SIR-4S,RS,delta_beta_temporal_8,0.01,0.01,0.01,0.01,0.01,0.01,0.01,0.01,0.01,0.01
SIR-4S,RS,delta_beta_temporal_9,0.01,0.01,0.01,0.01,0.01,0.01,0.01,0.01,0.01,0.01
SIR-4S,RS,delta_beta_temporal_10,0.01,0.01,0.01,0.01,0.01,0.01,0.01,0.01,0.01,0.01
SIR-4S,SC,rho_report,0.5,0.5,0.5,0.5,0.5,0.5,0.5,0.5,0.5,0.5
SIR-4S,SC,f_R_0,0.5,0.5,0.5,0.5,0.5,0.5,0.5,0.5,0.5,0.5
SIR-4S,SC,f_R_1,0.5,0.5,0.5,0.5,0.5,0.5,0.5,0.5,0.5,0.5
SIR-4S,SC,f_R_2,0.5,0.5,0.5,0.5,0.5,0.5,0.5,0.5,0.5,0.5
SIR-4S,SC,f_R_3,0.5,0.5,0.5,0.5,0.5,0.5,0.5,0.5,0.5,0.5
SIR-4S,SC,f_I_0,0.001,0.001,0.001,0.001,0.001,0.001,0.001,0.001,0.001,0.001
SIR-4S,SC,f_I_1,0.001,0.001,0.001,0.001,0.001,0.001,0.001,0.001,0.001,0.001
SIR-4S,SC,f_I_2,0.001,0.001,0.001,0.001,0.001,0.001,0.001,0.001,0.001,0.001
SIR-4S,SC,f_I_3,0.001,0.001,0.001,0.001,0.001,0.001,0.001,0.001,0.001,0.001
SIR-4S,SC,beta_0,0.3,0.3,0.3,0.3,0.3,0.3,0.3,0.3,0.3,0.3
SIR-4S,SC,beta_1,0.3,0.3,0.3,0.3,0.3,0.3,0.3,0.3,0.3,0.3
SIR-4S,SC,beta_2,0.3,0.3,0.3,0.3,0.3,0.3,0.3,0.3,0.3,0.3
SIR-4S,SC,beta_3,0.3,0.3,0.3,0.3,0.3,0.3,0.3,0.3,0.3,0.3
SIR-4S,SC,delta_beta_temporal_0,0.01,0.01,0.01,0.01,0.01,0.01,0.01,0.01,0.01,0.01
SIR-4S,SC,delta_beta_temporal_1,0.01,0.01,0.01,0.01,0.01,0.01,0.01,0.01,0.01,0.01
SIR-4S,SC,delta_beta_temporal_2,0.01,0.01,0.01,0.01,0.01,0.01,0.01,0.01,0.01,0.01
SIR-4S,SC,delta_beta_temporal_3,0.01,0.01,0.01,0.01,0.01,0.01,0.01,0.01,0.01,0.01
SIR-4S,SC,delta_beta_temporal_4,0.01,0.01,0.01,0.01,0.01,0.01,0.01,0.01,0.01,0.01
SIR-4S,SC,delta_beta_temporal_5,0.01,0.01,0.01,0.01,0.01,0.01,0.01,0.01,0.01,0.01
SIR-4S,SC,delta_beta_temporal_6,0.01,0.01,0.01,0.01,0.01,0.01,0.01,0.01,0.01,0.01
SIR-4S,SC,delta_beta_temporal_7,0.01,0.01,0.01,0.01,0.01,0.01,0.01,0.01,0.01,0.01
SIR-4S,SC,delta_beta_temporal_8,0.01,0.01,0.01,0.01,0.01,0.01,0.01,0.01,0.01,0.01
SIR-4S,SC,delta_beta_temporal_9,0.01,0.01,0.01,0.01,0.01,0.01,0.01,0.01,0.01,0.01
SIR-4S,SC,delta_beta_temporal_10,0.01,0.01,0.01,0.01,0.01,0.01,0.01,0.01,0.01,0.01
SIR-4S,SE,rho_report,0.5,0.5,0.5,0.5,0.5,0.5,0.5,0.5,0.5,0.5
SIR-4S,SE,f_R_0,0.5,0.5,0.5,0.5,0.5,0.5,0.5,0.5,0.5,0.5
SIR-4S,SE,f_R_1,0.5,0.5,0.5,0.5,0.5,0.5,0.5,0.5,0.5,0.5
SIR-4S,SE,f_R_2,0.5,0.5,0.5,0.5,0.5,0.5,0.5,0.5,0.5,0.5
SIR-4S,SE,f_R_3,0.5,0.5,0.5,0.5,0.5,0.5,0.5,0.5,0.5,0.5
SIR-4S,SE,f_I_0,0.001,0.001,0.001,0.001,0.001,0.001,0.001,0.001,0.001,0.001
SIR-4S,SE,f_I_1,0.001,0.001,0.001,0.001,0.001,0.001,0.001,0.001,0.001,0.001
SIR-4S,SE,f_I_2,0.001,0.001,0.001,0.001,0.001,0.001,0.001,0.001,0.001,0.001
SIR-4S,SE,f_I_3,0.001,0.001,0.001,0.001,0.001,0.001,0.001,0.001,0.001,0.001
SIR-4S,SE,beta_0,0.3,0.3,0.3,0.3,0.3,0.3,0.3,0.3,0.3,0.3
SIR-4S,SE,beta_1,0.3,0.3,0.3,0.3,0.3,0.3,0.3,0.3,0.3,0.3
SIR-4S,SE,beta_2,0.3,0.3,0.3,0.3,0.3,0.3,0.3,0.3,0.3,0.3
SIR-4S,SE,beta_3,0.3,0.3,0.3,0.3,0.3,0.3,0.3,0.3,0.3,0.3
SIR-4S,SE,delta_beta_temporal_0,0.01,0.01,0.01,0.01,0.01,0.01,0.01,0.01,0.01,0.01
SIR-4S,SE,delta_beta_temporal_1,0.01,0.01,0.01,0.01,0.01,0.01,0.01,0.01,0.01,0.01
SIR-4S,SE,delta_beta_temporal_2,0.01,0.01,0.01,0.01,0.01,0.01,0.01,0.01,0.01,0.01
SIR-4S,SE,delta_beta_temporal_3,0.01,0.01,0.01,0.01,0.01,0.01,0.01,0.01,0.01,0.01
SIR-4S,SE,delta_beta_temporal_4,0.01,0.01,0.01,0.01,0.01,0.01,0.01,0.01,0.01,0.01
SIR-4S,SE,delta_beta_temporal_5,0.01,0.01,0.01,0.01,0.01,0.01,0.01,0.01,0.01,0.01
SIR-4S,SE,delta_beta_temporal_6,0.01,0.01,0.01,0.01,0.01,0.01,0.01,0.01,0.01,0.01
SIR-4S,SE,delta_beta_temporal_7,0.01,0.01,0.01,0.01,0.01,0.01,0.01,0.01,0.01,0.01
SIR-4S,SE,delta_beta_temporal_8,0.01,0.01,0.01,0.01,0.01,0.01,0.01,0.01,0.01,0.01
SIR-4S,SE,delta_beta_temporal_9,0.01,0.01,0.01,0.01,0.01,0.01,0.01,0.01,0.01,0.01
SIR-4S,SE,delta_beta_temporal_10,0.01,0.01,0.01,0.01,0.01,0.01,0.01,0.01,0.01,0.01
SIR-4S,SP,rho_report,0.5,0.5,0.5,0.5,0.5,0.5,0.5,0.5,0.5,0.5
SIR-4S,SP,f_R_0,0.5,0.5,0.5,0.5,0.5,0.5,0.5,0.5,0.5,0.5
SIR-4S,SP,f_R_1,0.5,0.5,0.5,0.5,0.5,0.5,0.5,0.5,0.5,0.5
SIR-4S,SP,f_R_2,0.5,0.5,0.5,0.5,0.5,0.5,0.5,0.5,0.5,0.5
SIR-4S,SP,f_R_3,0.5,0.5,0.5,0.5,0.5,0.5,0.5,0.5,0.5,0.5
SIR-4S,SP,f_I_0,0.001,0.001,0.001,0.001,0.001,0.001,0.001,0.001,0.001,0.001
SIR-4S,SP,f_I_1,0.001,0.001,0.001,0.001,0.001,0.001,0.001,0.001,0.001,0.001
SIR-4S,SP,f_I_2,0.001,0.001,0.001,0.001,0.001,0.001,0.001,0.001,0.001,0.001
SIR-4S,SP,f_I_3,0.001,0.001,0.001,0.001,0.001,0.001,0.001,0.001,0.001,0.001
SIR-4S,SP,beta_0,0.3,0.3,0.3,0.3,0.3,0.3,0.3,0.3,0.3,0.3
SIR-4S,SP,beta_1,0.3,0.3,0.3,0.3,0.3,0.3,0.3,0.3,0.3,0.3
SIR-4S,SP,beta_2,0.3,0.3,0.3,0.3,0.3,0.3,0.3,0.3,0.3,0.3
SIR-4S,SP,beta_3,0.3,0.3,0.3,0.3,0.3,0.3,0.3,0.3,0.3,0.3
SIR-4S,SP,delta_beta_temporal_0,0.01,0.01,0.01,0.01,0.01,0.01,0.01,0.01,0.01,0.01
SIR-4S,SP,delta_beta_temporal_1,0.01,0.01,0.01,0.01,0.01,0.01,0.01,0.01,0.01,0.01
SIR-4S,SP,delta_beta_temporal_2,0.01,0.01,0.01,0.01,0.01,0.01,0.01,0.01,0.01,0.01
SIR-4S,SP,delta_beta_temporal_3,0.01,0.01,0.01,0.01,0.01,0.01,0.01,0.01,0.01,0.01
SIR-4S,SP,delta_beta_temporal_4,0.01,0.01,0.01,0.01,0.01,0.01,0.01,0.01,0.01,0.01
SIR-4S,SP,delta_beta_temporal_5,0.01,0.01,0.01,0.01,0.01,0.01,0.01,0.01,0.01,0.01
SIR-4S,SP,delta_beta_temporal_6,0.01,0.01,0.01,0.01,0.01,0.01,0.01,0.01,0.01,0.01
SIR-4S,SP,delta_beta_temporal_7,0.01,0.01,0.01,0.01,0.01,0.01,0.01,0.01,0.01,0.01
SIR-4S,SP,delta_beta_temporal_8,0.01,0.01,0.01,0.01,0.01,0.01,0.01,0.01,0.01,0.01
SIR-4S,SP,delta_beta_temporal_9,0.01,0.01,0.01,0.01,0.01,0.01,0.01,0.01,0.01,0.01
SIR-4S,SP,delta_beta_temporal_10,0.01,0.01,0.01,0.01,0.01,0.01,0.01,0.01,0.01,0.01
SIR-4S,TO,rho_report,0.5,0.5,0.5,0.5,0.5,0.5,0.5,0.5,0.5,0.5
SIR-4S,TO,f_R_0,0.5,0.5,0.5,0.5,0.5,0.5,0.5,0.5,0.5,0.5
SIR-4S,TO,f_R_1,0.5,0.5,0.5,0.5,0.5,0.5,0.5,0.5,0.5,0.5
SIR-4S,TO,f_R_2,0.5,0.5,0.5,0.5,0.5,0.5,0.5,0.5,0.5,0.5
SIR-4S,TO,f_R_3,0.5,0.5,0.5,0.5,0.5,0.5,0.5,0.5,0.5,0.5
SIR-4S,TO,f_I_0,0.001,0.001,0.001,0.001,0.001,0.001,0.001,0.001,0.001,0.001
SIR-4S,TO,f_I_1,0.001,0.001,0.001,0.001,0.001,0.001,0.001,0.001,0.001,0.001
SIR-4S,TO,f_I_2,0.001,0.001,0.001,0.001,0.001,0.001,0.001,0.001,0.001,0.001
SIR-4S,TO,f_I_3,0.001,0.001,0.001,0.001,0.001,0.001,0.001,0.001,0.001,0.001
SIR-4S,TO,beta_0,0.3,0.3,0.3,0.3,0.3,0.3,0.3,0.3,0.3,0.3
SIR-4S,TO,beta_1,0.3,0.3,0.3,0.3,0.3,0.3,0.3,0.3,0.3,0.3
SIR-4S,TO,beta_2,0.3,0.3,0.3,0.3,0.3,0.3,0.3,0.3,0.3,0.3
SIR-4S,TO,beta_3,0.3,0.3,0.3,0.3,0.3,0.3,0.3,0.3,0.3,0.3
SIR-4S,TO,delta_beta_temporal_0,0.01,0.01,0.01,0.01,0.01,0.01,0.01,0.01,0.01,0.01
SIR-4S,TO,delta_beta_temporal_1,0.01,0.01,0.01,0.01,0.01,0.01,0.01,0.01,0.01,0.01
SIR-4S,TO,delta_beta_temporal_2,0.01,0.01,0.01,0.01,0.01,0.01,0.01,0.01,0.01,0.01
SIR-4S,TO,delta_beta_temporal_3,0.01,0.01,0.01,0.01,0.01,0.01,0.01,0.01,0.01,0.01
SIR-4S,TO,delta_beta_temporal_4,0.01,0.01,0.01,0.01,0.01,0.01,0.01,0.01,0.01,0.01
SIR-4S,TO,delta_beta_temporal_5,0.01,0.01,0.01,0.01,0.01,0.01,0.01,0.01,0.01,0.01
SIR-4S,TO,delta_beta_temporal_6,0.01,0.01,0.01,0.01,0.01,0.01,0.01,0.01,0.01,0.01
SIR-4S,TO,delta_beta_temporal_7,0.01,0.01,0.01,0.01,0.01,0.01,0.01,0.01,0.01,0.01
SIR-4S,TO,delta_beta_temporal_8,0.01,0.01,0.01,0.01,0.01,0.01,0.01,0.01,0.01,0.01
SIR-4S,TO,delta_beta_temporal_9,0.01,0.01,0.01,0.01,0.01,0.01,0.01,0.01,0.01,0.01
SIR-4S,TO,delta_beta_temporal_10,0.01,0.01,0.01,0.01,0.01,0.01,0.01,0.01,0.01,0.01
